BottleneckSummaryIndex,RoadName,RoadFrc,RoadDirection,ToIntersectionName,AvgDurationMinutes,AvgMaxLengthMiles,NumOccurrences,ImpactFactor
1,I-275,1,N,I-275  Exit 44 / Mosteller Rd,30,5.48,3,784
2,I-275,1,N,"I-71  Exits 17,17A,17B / I-275  Exits 49,49A,49B",7,1.61,3,55
3,I-275,1,N,I-275  Exit 50 / US-22 Montgomery Rd / Hetz Dr,25,4.76,7,1359
4,I-275,1,N,I-275,17,4.18,17,1914
5,I-275,1,N,"I-75  Exits 16,16A,16B / I-275  Exits 43A,43B",48,3.48,8,2149
6,I-275,1,N,I-275  Exit 47 / Reed Hartman Hwy,18,5.52,35,5745
7,I-275,1,N,I-275  Exit 46 / US-42 Lebanon Rd,11,1.72,3,95
8,I-275,1,N,I-275  Exit 52 / Loveland Madeira Rd,14,3.53,6,481
9,I-275,1,N,I-275 / I-275 W,19,4.06,38,4820
10,I-275,1,N,"I-275  Exits 43A,43B / I-75 S  Exits 16A,16B / I-75 N  Exit 16",15,3.06,7,526
11,I-275,1,N,"I-275  Exit 49 / I-71 S  Exits 17A,17B / I-275 W  Exits 49A,49B",33,5.66,4,1210
12,I-275,1,N,I-275  Exit 50 / US-22 Montgomery Rd,31,5.56,28,7687
