BottleneckSummaryIndex,CorridorName,RoadName,RoadFrc,RoadDirection,ToIntersectionName,AvgDurationMinutes,AvgMaxLengthMiles,NumOccurrences,ImpactFactor
1,I-275 SmartLane Phase 2 EB,I-275,1,N,"I-71  Exits 17,17A,17B / I-275  Exits 49,49A,49B",15,3.26,1469,115016
2,I-275 SmartLane Phase 2 EB,I-275,1,N,I-275  Exit 54 / Wards Corner Rd,31,5.81,196,55929
3,I-275 SmartLane Phase 2 EB,I-275,1,N,I-275  Exit 57 / OH-28,34,5.2,60,17141
4,I-275 SmartLane Phase 2 EB,I-275,1,N,I-275  Exit 50 / US-22 Montgomery Rd / Hetz Dr,19,3.88,176,20665
5,I-275 SmartLane Phase 2 EB,I-275,1,N,I-275  Exit 52 / Loveland Madeira Rd,21,4.17,271,38447
6,I-275 SmartLane Phase 2 EB,I-275,1,N,I-275,25,5.3,1891,410622
7,I-275 SmartLane Phase 2 EB,I-275,1,N,I-275  Exit 71 / US-52 Kellogg Ave / Kellogg Ave,50,15.51,6,7464
8,I-275 SmartLane Phase 2 EB,I-275,1,N,I-275  Exit 47 / Reed Hartman Hwy,13,2.93,498,30069
9,I-275 SmartLane Phase 2 EB,I-275,1,N,I-275  Exit 65 / OH-125,14,13.5,7,2192
10,I-275 SmartLane Phase 2 EB,I-275,1,N,I-275  Exit 46 / US-42 Lebanon Rd,31,3.67,31,5605
11,I-275 SmartLane Phase 2 EB,I-275,1,N,"I-75  Exits 16,16A,16B / I-275  Exits 43A,43B",90,15.66,1,2264
12,I-275 SmartLane Phase 2 EB,I-275,1,N,I-275  Exit 76 / KY-2238 Three Mile Rd,31,22.47,6,6725
13,I-275 SmartLane Phase 2 EB,I-275,1,N,"I-275  Exits 59,59A,59B / Milford Pkwy",13,5.99,31,3879
14,I-275 SmartLane Phase 2 EB,I-275,1,N,I-275  Exit 63A-B / OH-32,19,13.27,8,3315
15,I-275 SmartLane Phase 2 EB,I-275,1,N,I-275  Exit 44 / Mosteller Rd,27,8.86,2,766
16,I-275 SmartLane Phase 2 EB,I-275,1,N,I-275  Exit 79 / KY-16 / KY-16 Taylor Mill Rd,28,25.53,2,2326
17,I-275 SmartLane Phase 2 EB,I-275,1,N,I-275  Exit 7 / OH-128 Hamilton Cleves Rd,103,74.82,1,12424
18,I-275 SmartLane Phase 2 EB,I-275,1,N,I-275  Exit 77 / KY-9 Aa Hwy / KY-9 Licking Pike,24,28.45,2,2194
19,I-275 SmartLane Phase 2 EB,I-275,1,N,I-275  Exit 72 / US-52 Kellogg Ave / Kellogg Ave,41,20.3,5,6768
20,I-275 SmartLane Phase 2 EB,I-275,1,N,I-275  Exit 80 / KY-17,103,29.82,1,4943
21,I-275 SmartLane Phase 2 EB,I-275,1,N,"I-275  Exits 74A,74B / I-471  Exits 1A,1B",24,23.37,1,889
22,I-275 SmartLane Phase 2 EB,I-275 W / I-275 E / I-275 S,1,W,I-275,22,4.69,745,121122
23,I-275 SmartLane Phase 2 EB,I-275 W / I-275 E / I-275 S,1,W,I-275  Exit 47 / Reed Hartman Hwy / Kemper Reed Hartman Connector,18,3.4,112,10825
24,I-275 SmartLane Phase 2 EB,I-275 W / I-275 E / I-275 S,1,W,I-275  Exit 54 / Wards Corner Rd,46,7.02,104,53984
25,I-275 SmartLane Phase 2 EB,I-275 W / I-275 E / I-275 S,1,W,I-275  Exit 46 / US-42 Lebanon Rd,27,3.2,45,6224
26,I-275 SmartLane Phase 2 EB,I-275 W / I-275 E / I-275 S,1,W,"I-71  Exits 17,17A,17B / I-275  Exits 49,49A,49B",31,4.02,28,5566
27,I-275 SmartLane Phase 2 EB,I-275 W / I-275 E / I-275 S,1,W,I-275  Exit 52 / Loveland Madeira Rd,21,4.65,49,7598
28,I-275 SmartLane Phase 2 EB,I-275 W / I-275 E / I-275 S,1,W,I-275  Exit 57 / OH-28,35,7.07,60,23625
29,I-275 SmartLane Phase 2 EB,I-275 W / I-275 E / I-275 S,1,W,I-275  Exit 50 / US-22 Montgomery Rd / Hetz Dr,19,2.89,23,2072
30,I-275 SmartLane Phase 2 EB,I-275 W / I-275 E / I-275 S,1,W,"I-275  Exits 59,59A,59B / Milford Pkwy",52,5.98,6,3002
31,I-275 SmartLane Phase 2 EB,I-275 W / I-275 E / I-275 S,1,W,I-275  Exit 65 / OH-125 Ohio Pike,31,7.86,1,392
32,I-275 SmartLane Phase 2 EB,I-275 W / I-275 E / I-275 S,1,W,I-275  Exit 63A-B / OH-32,16,5.91,2,306
33,I-275 SmartLane Phase 2 EB,I-275 W / I-275 E / I-275 S,1,W,I-275  Exit 41 / OH-4 Springfield Pike / Commerce Way,33,3.94,1,209
