BottleneckSummaryIndex,CorridorName,RoadName,RoadFrc,RoadDirection,ToIntersectionName,AvgDurationMinutes,AvgMaxLengthMiles,NumOccurrences,ImpactFactor
1,I-275 Smartlane Phase 1 WB,I-275,1,N,"I-71  Exits 17,17A,17B / I-275  Exits 49,49A,49B",29,6.18,125,35830
2,I-275 Smartlane Phase 1 WB,I-275,1,N,I-275  Exit 47 / Reed Hartman Hwy,27,7.19,245,77535
3,I-275 Smartlane Phase 1 WB,I-275,1,N,I-275  Exit 50 / US-22 Montgomery Rd / Hetz Dr,35,5.22,297,86751
4,I-275 Smartlane Phase 1 WB,I-275,1,N,I-275  Exit 52 / Loveland Madeira Rd,17,4.81,118,15759
5,I-275 Smartlane Phase 1 WB,I-275,1,N,I-275  Exit 44 / Mosteller Rd,24,3.22,121,15251
6,I-275 Smartlane Phase 1 WB,I-275,1,N,"I-75  Exit 16 / I-275  Exits 43A,43B",29,3.41,45,7187
7,I-275 Smartlane Phase 1 WB,I-275,1,N,I-275,23,5.47,537,108553
8,I-275 Smartlane Phase 1 WB,I-275,1,N,"I-75  Exits 16,16A,16B / I-275  Exits 43A,43B",23,3.46,108,13896
9,I-275 Smartlane Phase 1 WB,I-275,1,N,I-275  Exit 46 / US-42 Lebanon Rd,27,6.37,69,18825
10,I-275 Smartlane Phase 1 WB,I-275,1,N,I-275  Exit 7 / OH-128 Hamilton Cleves Rd,46,65.63,3,14663
11,I-275 Smartlane Phase 1 WB,I-275,1,N,I-275  Exit 39 / Winton Rd / Gilmore Rd,16,8.67,14,3127
12,I-275 Smartlane Phase 1 WB,I-275,1,N,"I-275  Exits 42,42A,42B / OH-747 Princeton Pike",13,5.37,23,2559
13,I-275 Smartlane Phase 1 WB,I-275,1,N,I-275  Exit 41 / OH-4 Springfield Pike,19,5.97,15,2694
14,I-275 Smartlane Phase 1 WB,I-275,1,N,I-275  Exit 31 / Blue Rock Rd,2,16.64,1,50
15,I-275 Smartlane Phase 1 WB,I-275,1,N,I-275  Exit 36 / US-127 Hamilton Ave / Houston Rd,15,13.3,3,986
16,I-275 Smartlane Phase 1 WB,I-275,1,N,I-275  Exit 33 / US-27 Colerain Ave,21,18.15,6,3594
17,I-275 Smartlane Phase 1 WB,I-275,1,N,I-275 / Ronald Reagan Cross County Hwy,25,16.66,2,1324
18,I-275 Smartlane Phase 1 WB,I-275,1,N,"I-75  Exits 16,16B / I-275  Exits 43A,43B",11,2.73,1,48
19,I-275 Smartlane Phase 1 WB,I-275,1,N,I-275 / I-74,64,20.74,2,4276
20,I-275 Smartlane Phase 1 WB,I-275,1,E,I-275  Exit 50 / US-22 Montgomery Rd / Hetz Dr,27,5.19,41,9312
21,I-275 Smartlane Phase 1 WB,I-275,1,E,I-275  Exit 47 / Reed Hartman Hwy,35,7.49,32,13609
22,I-275 Smartlane Phase 1 WB,I-275,1,E,I-275  Exit 44 / Mosteller Rd,21,3.01,8,808
23,I-275 Smartlane Phase 1 WB,I-275,1,E,"I-71  Exits 17,17A,17B / I-275  Exits 49,49A,49B",23,6.51,10,2419
24,I-275 Smartlane Phase 1 WB,I-275,1,E,I-275  Exit 52 / Loveland Madeira Rd,41,4.48,15,4468
25,I-275 Smartlane Phase 1 WB,I-275,1,E,"I-75  Exit 16 / I-275  Exits 43A,43B",29,3.64,26,4399
26,I-275 Smartlane Phase 1 WB,I-275,1,E,I-275  Exit 46 / US-42 Lebanon Rd,11,2.42,18,766
27,I-275 Smartlane Phase 1 WB,I-275,1,E,I-275,32,4.71,29,7051
28,I-275 Smartlane Phase 1 WB,I-275 E / I-275 W / I-275 N,1,E,"I-71  Exits 17,17A,17B / I-275  Exits 49,49A,49B",29,5.06,38,9057
29,I-275 Smartlane Phase 1 WB,I-275,1,E,"I-275  Exits 42,42A,42B / OH-747 Princeton Pike",15,6.63,2,321
30,I-275 Smartlane Phase 1 WB,I-275 E / I-275 W / I-275 N,1,E,I-275,39,6.82,229,98133
31,I-275 Smartlane Phase 1 WB,I-275 E / I-275 W / I-275 N,1,E,"I-275  Exits 43A,43B / I-75  Exit 16",24,3.57,83,11243
32,I-275 Smartlane Phase 1 WB,I-275 E / I-275 W / I-275 N,1,E,I-275  Exit 50 / US-22 Montgomery Rd / Hetz Dr,37,5.99,48,16964
33,I-275 Smartlane Phase 1 WB,I-275 E / I-275 W / I-275 N,1,E,I-275  Exit 44 / Mosteller Rd,17,3.61,55,5361
34,I-275 Smartlane Phase 1 WB,I-275 E / I-275 W / I-275 N,1,E,I-275  Exit 46 / US-42 Lebanon Rd,17,3.13,31,2706
35,I-275 Smartlane Phase 1 WB,I-275 E / I-275 W / I-275 N,1,E,I-275  Exit 52 / Loveland Madeira Rd,27,4.67,41,8383
36,I-275 Smartlane Phase 1 WB,I-275 E / I-275 W / I-275 N,1,E,I-275  Exit 47 / Reed Hartman Hwy / Kemper Reed Hartman Connector,34,4.71,10,2601
37,I-275 Smartlane Phase 1 WB,I-275 E / I-275 W / I-275 N,1,E,"I-275  Exits 9,28 / I-74  Exit 9",12,29.67,2,1130
38,I-275 Smartlane Phase 1 WB,I-275 E / I-275 W / I-275 N,1,E,I-275  Exit 31 / Blue Rock Rd,8,22.1,1,283
39,I-275 Smartlane Phase 1 WB,I-275 E / I-275 W / I-275 N,1,E,"I-275  Exits 42,42A,42B / OH-747 Princeton Pike / Progress Pl",12,4.86,5,463
40,I-275 Smartlane Phase 1 WB,I-275 E / I-275 W / I-275 N,1,E,I-275  Exit 39 / Winton Rd,22,21.4,1,761
41,I-275 Smartlane Phase 1 WB,I-275 E / I-275 W / I-275 N,1,E,I-275  Exit 41 / OH-4 Springfield Pike / Commerce Way,37,5.18,1,308
