BottleneckSummaryIndex,CorridorName,RoadName,RoadFrc,RoadDirection,ToIntersectionName,AvgDurationMinutes,AvgMaxLengthMiles,NumOccurrences,ImpactFactor
1,I-275 Smartlane Phase 1 WB,I-275,1,N,"I-71  Exits 17,17A,17B / I-275  Exits 49,49A,49B",24,5.4,2,416
2,I-275 Smartlane Phase 1 WB,I-275,1,N,I-275  Exit 47 / Reed Hartman Hwy,16,6.22,21,3446
3,I-275 Smartlane Phase 1 WB,I-275,1,N,I-275  Exit 50 / US-22 Montgomery Rd / Hetz Dr,22,4.78,15,2510
4,I-275 Smartlane Phase 1 WB,I-275,1,N,"I-75  Exits 16,16A,16B / I-275  Exits 43A,43B",7,8.58,3,281
5,I-275 Smartlane Phase 1 WB,I-275,1,N,I-275  Exit 52 / Loveland Madeira Rd,13,6.12,7,906
6,I-275 Smartlane Phase 1 WB,I-275,1,N,I-275  Exit 46 / US-42 Lebanon Rd,2,3.2,1,12
7,I-275 Smartlane Phase 1 WB,I-275,1,N,I-275  Exit 41 / OH-4 Springfield Pike,4,15.6,1,108
8,I-275 Smartlane Phase 1 WB,I-275,1,N,I-275  Exit 44 / Mosteller Rd,32,17.1,3,2623
9,I-275 Smartlane Phase 1 WB,I-275,1,N,I-275,25,6.79,26,7001
