BottleneckSummaryIndex,CorridorName,RoadName,RoadFrc,RoadDirection,ToIntersectionName,AvgDurationMinutes,AvgMaxLengthMiles,NumOccurrences,ImpactFactor
1,I-275 SmartLane Phase 2 EB,I-275,1,N,"I-71  Exits 17,17A,17B / I-275  Exits 49,49A,49B",27,4.62,45,9128
2,I-275 SmartLane Phase 2 EB,I-275,1,N,I-275  Exit 54 / Wards Corner Rd,31,8.45,7,2952
3,I-275 SmartLane Phase 2 EB,I-275,1,N,I-275  Exit 57 / OH-28,26,5.41,2,453
4,I-275 SmartLane Phase 2 EB,I-275,1,N,I-275  Exit 72 / US-52 Kellogg Ave / Kellogg Ave,29,19.77,1,926
5,I-275 SmartLane Phase 2 EB,I-275,1,N,I-275  Exit 50 / US-22 Montgomery Rd / Hetz Dr,2,1.64,2,11
6,I-275 SmartLane Phase 2 EB,I-275,1,N,I-275,21,6.02,50,10364
7,I-275 SmartLane Phase 2 EB,I-275,1,N,I-275  Exit 52 / Loveland Madeira Rd,14,3.72,7,601
8,I-275 SmartLane Phase 2 EB,I-275,1,N,I-275  Exit 47 / Reed Hartman Hwy,16,2.35,11,672
9,I-275 SmartLane Phase 2 EB,I-275,1,N,I-275  Exit 76 / KY-2238 Three Mile Rd,21,28.27,2,1941
10,I-275 SmartLane Phase 2 EB,I-275,1,N,"I-275  Exits 59,59A,59B / Milford Pkwy",2,2.41,1,8
11,I-275 SmartLane Phase 2 EB,I-275,1,N,I-275  Exit 63A-B / OH-32,18,9.38,1,271
