,BottleneckSummaryIndex,Id,StartDate,EndDate,FromIntersectionName,ToIntersectionName,Direction,MaxDurationMinutes,StartSegmentOffsetMiles,EndSegmentOffsetMiles,MaxLengthMiles,FromPointLat,FromPointLon,ToPointLat,ToPointLon,label
0,153,1f6e259c-b2f2-4239-a62c-28db187be8c5,2024-01-24T13:00:05.000Z,2024-01-24T13:27:33.000Z,I-71,I-71  Exit 5 / Dana Ave / Duck Creek Rd,Southbound,27,1.044,0.246,14.28,39.30045454370711,-84.3068375,39.1477162,-84.45159964,Yes
1,80,411293de-4d54-429a-a2fd-4bdb65cea27c,2024-01-24T13:29:51.000Z,2024-01-24T14:19:42.000Z,I-71,I-71  Exit 6 / OH-561 Williams Ave,Southbound,50,1.044,0.231,13.14,39.30045454370711,-84.3068375,39.15932924544732,-84.43802045,Yes
2,108,605d9d8f-c1e9-4e61-b62e-8c8a9a8fc942,2024-01-24T12:37:17.000Z,2024-01-24T14:23:06.000Z,I-90  Exit 164 / Marginal Dr / Mckinley Ave,I-90  Exit 173A / Prospect Ave,Eastbound,106,0,0.094,8.57,41.46968,-81.81175,41.49926347,-81.67171479,Yes
3,28,b8e564bb-6ead-4050-a699-7d6148c82324,2024-01-24T22:26:55.000Z,2024-01-24T23:27:50.000Z,I-75  Exit 59 / Benchwood Rd,I-75,Southbound,61,0.326,0.348,10.06,39.84140955743608,-84.18980999,39.71034606250184,-84.22824169,Yes
4,66,24b9aea7-78ea-41e8-95ba-e47d75280018,2024-01-24T12:35:54.000Z,2024-01-24T13:31:08.000Z,I-71,I-71  Exit 8 / Highland Ave,Southbound,55,0.189,0.378,13.22,39.32318996770502,-84.28749363,39.170832680830266,-84.40891003,Yes
5,69,d868e7aa-4d10-44f4-ba47-28069a26d45b,2024-01-24T13:04:44.000Z,2024-01-24T14:29:59.000Z,"I-71  Exits 119,119A,119B / I-270  Exit 26",I-71  Exit 110B / 11th Ave / Kingry St,Southbound,85,0.545,0.034,7.31,40.098305140771856,-82.98531394,39.99754928348411,-82.98483006,Yes
6,154,1548f5e4-3e9f-405b-897e-796600c8f701,2024-01-24T20:51:59.000Z,2024-01-24T23:21:47.000Z,"I-71  Exits 109A,109B,110A / I-670  Exits 4A,4A-B,4B,4C,5,5A-5B / Goodale St",I-71  Exit 117 / OH-161 Dublin Granville Rd,Northbound,150,0.104,0.15,6.86,39.96391253983678,-82.98290649,40.05960348239687,-82.99814102,Yes
7,113,cef832b8-bc05-4436-8b38-30f1c320336a,2024-01-24T12:40:58.000Z,2024-01-24T13:05:53.000Z,I-71  Exit 117 / OH-161 Dublin Granville Rd,"I-71  Exits 109A,109B,110A / I-670  Exits 4A,4A-B,4B,4C,5,5A-5B / Goodale St",Southbound,25,0.262,0.177,6.86,40.08769328885243,-82.98742042,39.99424494237035,-82.98515852,Yes
8,126,3609e37e-8d2e-4c20-8913-9440b8869cca,2024-01-24T21:33:47.000Z,2024-01-24T22:15:51.000Z,"I-670  Exits 2A,2B,3 / OH-315  Exits 1C,1D,1E,1F,2 / Goodale St",OH-315  Exit 7 / Henderson Rd,Northbound,42,0.202,0.231,5.39,39.9663,-83.02111,40.03805017703336,-83.02990011,Yes
9,69,abdf9d94-3cab-447a-838f-b699171ed9cb,2024-01-24T13:02:42.000Z,2024-01-24T13:03:54.000Z,"I-71  Exits 119,119A,119B / I-270  Exit 26",I-71  Exit 110B / 11th Ave / Kingry St,Southbound,1,0.36,0,7.57,40.10077453263485,-82.98414756,39.99680476815755,-82.98489852,No
10,21,6e9168da-1b39-418e-89df-0add1b321c00,2024-01-24T21:19:12.000Z,2024-01-24T22:02:54.000Z,I-670  Exit 3 / Spruce St,"I-270  Exits 35,35A,35B / I-670  Exits 10A-B,10C,10D / US-62",Eastbound,44,0.217,0.249,6.27,39.97307082171359,-83.00658206,40.00746299831101,-82.91240438,Yes
11,1,1b330ab0-46b1-42fc-b4c2-0bb45cd722d4,2024-01-24T13:48:10.000Z,2024-01-24T14:01:47.000Z,"I-480  Exit 20A-B / I-77  Exits 155,156 / Rockside Rd","I-90  Exits 171,172A,172C / I-77  Exit 162B / OH-10 Carnegie Ave",Northbound,14,0.405,0.244,7.19,41.39782936824408,-81.65235593,41.49243774604962,-81.67557357,Yes
12,85,6f6675da-baae-458b-bb55-475c06ff5bab,2024-01-24T12:46:04.000Z,2024-01-24T13:12:55.000Z,"I-270  Exits 35,35A,35B / I-670  Exits 10A-B,10C,10D / US-62","I-670  Exits 2A,2B,3 / OH-315  Exits 1C,1D,1E,1F,2 / Goodale St",Westbound,27,0,0.11,6.52,40.01187,-82.90749,39.973350167349146,-83.00848269,Yes
13,131,72fc0a2d-9683-4a32-854a-e9ddb07e77a2,2024-01-24T21:23:12.000Z,2024-01-24T23:16:45.000Z,"I-71  Exits 3,3A-B / Essex Pl / William Howard Taft Rd",I-71  Exit 188 / US-127 Dixie Hwy,Southbound,114,0.427,0.141,7.11,39.13806,-84.48782,39.059873792866725,-84.53576083,Yes
14,21,a51f7dac-5c88-4373-8a32-96888a9c98ab,2024-01-24T22:07:59.000Z,2024-01-24T22:37:54.000Z,I-670  Exit 3 / Spruce St,"I-270  Exits 35,35A,35B / I-670  Exits 10A-B,10C,10D / US-62",Eastbound,30,0.109,0.434,6.13,39.97317358807426,-83.00868375,40.00545,-82.91609,Yes
15,29,6c07f9af-5ea7-4012-83ff-42bce01b089a,2024-01-24T21:42:57.000Z,2024-01-25T00:07:52.000Z,I-275  Exit 44 / Mosteller Rd,I-275,Northbound,145,0.202,0.574,10.05,39.28468710446941,-84.41903499,39.21716862890353,-84.26995533,Yes
16,133,9859e391-f188-46ab-b579-4809bf3efeff,2024-01-24T21:17:50.000Z,2024-01-24T21:34:49.000Z,"I-75  Exits 16,16A,16B / I-275  Exits 43A,43B",I-275  Exit 54 / Wards Corner Rd,Northbound,17,0.156,1.165,9.68,39.28751261847869,-84.43142147,39.229502454824726,-84.28597597,Yes
17,6,ae1dccc3-bec1-4b55-9159-678eeead99e9,2024-01-25T00:03:37.000Z,2024-01-25T01:25:49.000Z,"I-75  Exits 3,4 / I-74 / US-52 Hopple St","I-71  Exits 191,192 / KY-8 5th St / Bullock St",Southbound,82,0.3,0.276,3.77,39.14304981639718,-84.53577991,39.09290994716865,-84.52248,Yes
18,4,4569c183-9152-47a9-868d-825157189152,2024-01-24T22:24:48.000Z,2024-01-24T22:39:46.000Z,I-75  Exit 2A / Western Ave / Findlay St,I-71  Exit 189 / KY-1072 Kyles Ln / KY-1072,Southbound,15,0.22,1.025,4.68,39.1197,-84.53553,39.06083645789604,-84.5303142,Yes
19,126,d5180eca-69e9-4708-91bd-34257325011e,2024-01-24T22:20:54.000Z,2024-01-24T23:09:46.000Z,OH-315  Exit 1A / US-62 Rich St / US-62 Plato Pl,OH-315  Exit 7 / Henderson Rd,Northbound,49,0.239,0.573,6.38,39.95672786758045,-83.01829245,40.04246079002032,-83.0325904,Yes
20,75,bb43337f-0396-4c2f-9335-5a87026286f3,2024-01-24T12:40:58.000Z,2024-01-24T14:12:42.000Z,I-75  Exit 6 / Mitchell Ave,I-75  Exit 13 / Shepherd Ln / Shepherd Ave,Northbound,92,0.576,0.723,5.6,39.16641008314959,-84.50609995,39.22771053505268,-84.44944536,Yes
21,29,8e813682-3426-4a48-8440-fa515f57df9a,2024-01-24T21:16:51.000Z,2024-01-24T21:43:42.000Z,I-275  Exit 44 / Mosteller Rd,I-275,Northbound,27,0.109,1.059,7.05,39.28642787502373,-84.42724366,39.25177831732865,-84.31702486,Yes
22,2,30e82b18-6ab5-4d11-b3cb-4e68618deece,2024-01-24T12:19:41.000Z,2024-01-24T12:41:56.000Z,I-71,I-71  Exit 12 / US-22 Montgomery Rd,Southbound,22,0.591,0.885,9,39.31816751458253,-84.29053283,39.21153575157492,-84.37061945,Yes
23,62,da1bc3ef-66a8-45dd-a930-deffe82e7559,2024-01-24T20:42:47.000Z,2024-01-24T23:23:58.000Z,"I-70  Exits 103A,103B / Alum Creek Dr",I-70,Eastbound,161,0,0.674,7.43,39.94405,-82.94185,39.93171878620045,-82.81351597,Yes
24,61,907bc1e1-75bd-4320-944e-56fc3a263814,2024-01-24T12:46:39.000Z,2024-01-24T12:56:31.000Z,I-275,I-275  Exit 47 / Reed Hartman Hwy,Northbound,10,0.965,0.137,8.87,39.17743277281754,-84.26679035,39.27286094,-84.35335915,Yes
25,3,f79d1abc-4133-4ba2-ae0e-b8ef8da3fffe,2024-01-24T20:57:50.000Z,2024-01-24T22:26:55.000Z,"I-71  Exits 184,185 / I-275  Exit 84 / KY-236 Commonwealth Ave","I-75  Exits 2,2B / Winchell Ave / Western Hills Viad",Northbound,89,0.267,0.241,6.63,39.04066284344433,-84.58521147,39.101749977426586,-84.52240277,Yes
26,4,ee817e55-1826-4c3a-a0ce-bbaac65c34c6,2024-01-24T23:14:54.000Z,2024-01-24T23:22:50.000Z,"I-75  Exits 1C,1D,1F / I-71  Exit 1B / US-50 6th St Expy",I-71  Exit 189 / KY-1072 Kyles Ln / KY-1072,Southbound,8,0.284,0,4.07,39.10922,-84.53168,39.060569404034965,-84.5330031,Yes
27,6,3f1472d2-431d-49bb-8bca-fd02638ead1c,2024-01-24T20:26:39.000Z,2024-01-24T21:32:54.000Z,"I-75  Exits 3,4 / I-74 / US-52 Hopple St","I-71  Exits 191,192 / KY-8 5th St / Bullock St",Southbound,66,0.195,0.276,3.08,39.13322,-84.53272,39.09290994716865,-84.52248,Yes
28,61,8ca52b17-79a9-4782-bf42-851144842381,2024-01-24T12:45:03.000Z,2024-01-24T12:46:04.000Z,I-275  Exit 57 / OH-28,I-275  Exit 47 / Reed Hartman Hwy,Northbound,1,0.262,0.137,8.32,39.18538276150252,-84.2637278,39.27286094,-84.35335915,Yes
29,85,1214a9ab-69b0-4237-8c15-71752dfcc426,2024-01-24T20:59:16.000Z,2024-01-24T23:17:47.000Z,I-670  Exit 9 / Stelzer Rd / International Gtwy,"I-670  Exits 2A,2B,3 / OH-315  Exits 1C,1D,1E,1F,2 / Goodale St",Westbound,139,0.198,0.312,5.65,40.00194989004127,-82.92280017,39.97356,-83.01217605,Yes
30,43,26ae6fbb-94ab-4121-bd2e-3c8d0071dc1c,2024-01-24T12:21:31.000Z,2024-01-24T14:09:24.000Z,"I-275  Exits 74A,74B / I-471  Exits 1A,1B","I-471  Exit 6B / I-71  Exits 1A,2 / Columbia Pkwy",Northbound,108,0.298,0.403,5.39,39.04892004359186,-84.4610701,39.107458488971865,-84.50296605,Yes
31,121,6bc4c47a-75bb-4279-af62-f0f730a7f5d2,2024-01-24T13:09:18.000Z,2024-01-24T14:24:14.000Z,I-77  Exit 158 / Grant Ave,"I-90  Exits 171,172A,172C / I-77  Exit 162B / OH-10 Carnegie Ave",Northbound,75,0.289,0.244,4.08,41.44102,-81.65023,41.49243774604962,-81.67557357,Yes
32,32,02a66c1d-aaa8-4c92-9dd5-6dd70c5b07e7,2024-01-24T12:47:12.000Z,2024-01-24T13:22:00.000Z,I-90  Exit 165 / Marginal Dr,I-90 / Clark Ave,Eastbound,35,0.183,0.493,3.53,41.46938947321424,-81.80394944,41.470287818167854,-81.73857324,No
33,142,271b25d5-a0c5-46a8-9fc2-7519ed5674ca,2024-01-24T13:33:44.000Z,2024-01-24T14:22:42.000Z,I-70,I-70  Exit 101B / Mound St,Westbound,49,1.282,0.09,4.57,39.93205991151302,-82.90652063,39.95462006034954,-82.97636056,Yes
34,70,23aa0c90-81fb-4187-b2ea-254abfad82c6,2024-01-24T21:32:54.000Z,2024-01-24T21:47:59.000Z,OH-315  Exit 3 / Kinnear Rd / Lennox Entrance Rd,"I-71  Exits 99A,99B,106 / I-70  Exits 99A,99C / OH-315",Southbound,15,0.115,0,3.32,39.99870612540328,-83.02789824,39.952631754321786,-83.01774018,Yes
35,20,26b4e4f0-35f3-4ea4-8366-10906a36f355,2024-01-24T09:50:27.000Z,2024-01-24T09:59:39.000Z,US-6 / County Home Rd,US-6 Bowling Green Rd,Eastbound,9,0.754,0.943,9.88,41.35209065,-83.59957347,41.34127000085568,-83.41834991,Yes
36,161,1c6175c4-37aa-44db-b0dc-609572be7c11,2024-01-24T12:21:31.000Z,2024-01-24T14:19:00.000Z,OH-315 Olentangy River Rd / Highview Dr / Mt Air Pl,"OH-315  Exits 6,6A-B / North Broadway / Olentangy River Rd",Southbound,117,0.37,0.634,5.89,40.12847934421017,-83.03643011,40.04471826965413,-83.03343982,Yes
37,2,c343820b-a64e-40b2-8c2f-5e0c5c288319,2024-01-24T22:11:04.000Z,2024-01-24T22:49:41.000Z,I-71  Exit 19 / Fields Ertel Rd / Escort Dr,I-71  Exit 12 / US-22 Montgomery Rd,Southbound,39,0.462,1.168,7.05,39.29369026420861,-84.31604028,39.20701745282584,-84.37170087,Yes
38,61,24982c08-9b64-4f34-b9c8-14154690f16c,2024-01-24T12:32:44.000Z,2024-01-24T12:46:04.000Z,I-275  Exit 57 / OH-28,I-275  Exit 47 / Reed Hartman Hwy,Northbound,13,0.099,0.394,7.72,39.19235043730385,-84.26247145,39.27115992283124,-84.35102567,Yes
39,2,8a37679f-66b9-4a76-bad5-add63f8469b8,2024-01-24T22:45:55.000Z,2024-01-24T23:02:51.000Z,I-71,I-71  Exit 12 / US-22 Montgomery Rd,Southbound,17,0.472,1.296,6.41,39.28484976752428,-84.32728034,39.20575772951041,-84.37214316,Yes
40,92,35c4ec8a-3adc-4f6d-bb44-543111d91908,2024-01-24T12:56:08.000Z,2024-01-24T12:57:24.000Z,OH-59  Exit 5B / Portage Trl,"I-77  Exit 125B / I-76  Exits 23A,23B / OH-8 I-77",Southbound,1,0.572,0.179,3.91,41.12261992803368,-81.48629004,41.07033886594871,-81.50433274,Yes
41,127,275d73a5-cd44-4489-acc8-39599e48b6fb,2024-01-24T21:16:51.000Z,2024-01-24T21:32:54.000Z,"I-71  Exits 3,3A-B / Essex Pl / William Howard Taft Rd","I-71  Exits 191,192 / KY-8 5th St / Bullock St",Southbound,16,0.127,0.324,4.16,39.137159928062175,-84.48988015,39.09220956,-84.52252003,Yes
42,67,084dce5f-0ff1-414e-ad65-43845e7ae7f2,2024-01-24T12:46:04.000Z,2024-01-24T12:51:47.000Z,"I-270  Exits 35,35A,35B / I-670  Exits 10A-B,10C,10D / US-62","I-71  Exits 109A,109B,110A / I-670  Exits 4A,4A-B,4B,4C,5,5A-5B / Goodale St",Westbound,6,0.066,0.103,4.14,40.01377980495365,-82.90562018,39.980329851558686,-82.96281088,No
43,25,2873b890-9f2a-4847-9175-98a8f85a3787,2024-01-24T21:03:53.000Z,2024-01-24T22:46:46.000Z,"I-75  Exit 61 / I-70  Exits 33,33A,33B","I-75  Exits 54A,54B / OH-4 / OH-48 Main St",Southbound,103,0.588,0.147,5.19,39.86344707804302,-84.18911284,39.78912919162792,-84.18399712,Yes
44,67,9da164d9-94c4-4226-9787-967205b62a02,2024-01-24T12:56:31.000Z,2024-01-24T13:58:44.000Z,"I-270  Exits 35,35A,35B / I-670  Exits 10A-B,10C,10D / US-62","I-71  Exits 109A,109B,110A / I-670  Exits 4A,4A-B,4B,4C,5,5A-5B / Goodale St",Westbound,62,0.066,0.103,4.14,40.01377980495365,-82.90562018,39.980329851558686,-82.96281088,Yes
45,70,e6f84d61-5c62-4486-ab51-e9806f375551,2024-01-24T21:57:57.000Z,2024-01-24T22:22:51.000Z,OH-315  Exit 4 / Lane Ave,"I-71  Exits 99A,99B,106 / I-70  Exits 99A,99C / OH-315",Southbound,25,0.034,0,3.67,40.00298947168345,-83.03041992,39.9530458,-83.01780939,Yes
46,91,b215789c-5fb7-4a28-8fdc-a55f8df3ed7b,2024-01-24T20:39:17.000Z,2024-01-24T23:03:09.000Z,I-90  Exit 175 / 55th St / Marginal Rd,I-90  Exit 171 / 14th St / Fairfield Ave,Westbound,144,1.173,0.205,3.25,41.521702766245255,-81.6683534,41.48595749,-81.69129421,Yes
47,102,5ce119f4-4464-41f3-933a-e2245c280b6a,2024-01-24T20:17:45.000Z,2024-01-24T23:41:43.000Z,I-71  Exit 5 / Duck Creek Rd,I-71  Exit 10 / Stewart Rd / Stewart Ave,Northbound,204,0.334,0.362,4.95,39.14285058078149,-84.46626458,39.181050100901054,-84.39653997,Yes
48,145,5fd69ea8-ef18-4d73-a228-1520b534498f,2024-01-24T12:34:51.000Z,2024-01-24T13:21:47.000Z,I-70,"I-70  Exits 101A,101B / I-71  Exits 107,108A / Parsons Ave",Westbound,47,1.115,0.475,4.62,39.93269838189498,-82.90361869,39.95430442200605,-82.97386708,Yes
49,55,5829370a-e895-4cac-83a0-3282dfa29255,2024-01-24T21:44:56.000Z,2024-01-24T23:52:54.000Z,I-270  Exit 15 / Tuttle Crossing Blvd,I-270  Exit 20 / CR-70 Sawmill Rd / Sawmill Rd,Northbound,128,0.459,0.587,6.89,40.07823006678076,-83.13616002,40.112117795841854,-83.03775444,Yes
50,82,cd2d2aa6-3a4d-4d2a-bb82-f94a61c76b15,2024-01-24T13:25:05.000Z,2024-01-24T13:31:48.000Z,I-275,I-275  Exit 50 / US-22 Montgomery Rd / Hetz Dr,Northbound,7,0.423,0.522,7.65,39.17081483011286,-84.26780008,39.25487302614496,-84.32917076,Yes
51,36,80d7a9c0-77ab-4e30-bfc2-af556fd9eca7,2024-01-24T13:00:49.000Z,2024-01-24T13:01:44.000Z,I-71  Exit 105 / Greenlawn Ave,OH-315  Exit 3 / Cannon Dr / Medical Center Dr,Northbound,1,0,0.196,2.7,39.94587,-83.01376,39.98366037525848,-83.02198999,Yes
52,61,aa29eeaf-0ea5-402f-aa27-b1d461b34d41,2024-01-24T13:19:42.000Z,2024-01-24T14:00:49.000Z,I-275,I-275  Exit 47 / Reed Hartman Hwy,Northbound,41,0.516,0.409,7.73,39.19856058,-84.26264279,39.27556005748799,-84.35708007,Yes
53,73,f0a110f5-05c3-4f20-bc46-204c3c465a9c,2024-01-24T19:04:01.000Z,2024-01-24T19:32:54.000Z,"I-71  Exits 109A,109B,110A / I-670  Exits 4A,4A-B,4B,4C,5,5A-5B / Goodale St","I-670  Exits 1,1B / Grandview Ave / Watermark Dr",Westbound,29,0,0.057,2.38,39.9786,-82.97569,39.97148207835934,-83.01773611,Yes
54,56,200e81df-33e6-4ed5-b556-9e5783b214ea,2024-01-24T20:27:15.000Z,2024-01-24T21:35:03.000Z,I-90  Exit 166 / 117th St,I-90  Exit 161 / OH-2 Detroit Rd / OH-254 Detroit Rd,Westbound,68,0.087,0.446,3.71,41.46629006194344,-81.77419935,41.47207191538602,-81.84488662,Yes
55,67,66847c3b-b161-483f-92c4-a0fa54e9cd26,2024-01-24T12:52:48.000Z,2024-01-24T12:53:48.000Z,"I-270  Exits 35,35A,35B / I-670  Exits 10A-B,10C,10D / US-62","I-71  Exits 109A,109B,110A / I-670  Exits 4A,4A-B,4B,4C,5,5A-5B / Goodale St",Westbound,1,0.066,0.079,3.58,40.01377980495365,-82.90562018,39.98086927335523,-82.95231799,No
56,64,eeb3285a-5da8-48a8-a847-628dff1053d2,2024-01-24T12:47:12.000Z,2024-01-24T12:54:09.000Z,"I-77  Exits 122A,122B / I-277  Exits 4A,4B / US-224  Exit 4B",OH-8  Exit 1A / Fountain St,Northbound,7,0.821,0.207,2.9,41.02033,-81.4969,41.060489971756034,-81.5049205,Yes
57,67,9e0c0de8-4f83-4401-a10a-5a48820ff38d,2024-01-24T13:15:53.000Z,2024-01-24T13:18:03.000Z,"I-270  Exits 35,35A,35B / I-670  Exits 10A-B,10C,10D / US-62","I-71  Exits 109A,109B,110A / I-670  Exits 4A,4A-B,4B,4C,5,5A-5B / Goodale St",Westbound,2,0.066,0.079,3.58,40.01377980495365,-82.90562018,39.98086927335523,-82.95231799,No
58,50,91b5d7b4-395f-4167-94ab-9ad204bc73a8,2024-01-24T20:27:40.000Z,2024-01-24T23:01:47.000Z,"OH-104  Exits 95A,95B / US-33  Exits 129,129A,129B",US-33 Columbus-Lancaster Rd,Eastbound,154,0.127,0.531,4.46,39.91322242433024,-82.92015841,39.87229057741391,-82.85740812,Yes
59,67,93932bc3-e6e1-4874-a25d-9e6d6e358e35,2024-01-24T14:00:49.000Z,2024-01-24T14:18:13.000Z,"I-270  Exits 35,35A,35B / I-670  Exits 10A-B,10C,10D / US-62","I-71  Exits 109A,109B,110A / I-670  Exits 4A,4A-B,4B,4C,5,5A-5B / Goodale St",Westbound,17,0,0.243,3.81,40.01452,-82.90482,39.98079138707232,-82.95550944,Yes
60,105,ed2b769e-f1b7-4a90-a693-6f547a8c86fe,2024-01-24T11:58:02.000Z,2024-01-24T15:07:45.000Z,I-75  Exit 14 / Glendale Milford Rd / Vision Way,I-75  Exit 7 / OH-562,Southbound,190,0.61,0.975,5.32,39.24911812369432,-84.44589967,39.180839987212046,-84.48544001,Yes
61,72,797cc2db-70c3-49e2-9565-f17782722288,2024-01-25T01:44:08.000Z,2024-01-25T02:13:06.000Z,OH-7 5th Ave,OH-7 / Fork Rd,Southbound,29,0.751,0.976,9.84,39.62271,-80.90851,39.53643801702854,-81.04683852,Yes
62,105,25ba5886-cdad-490a-8f80-967d46d76b13,2024-01-24T19:44:47.000Z,2024-01-25T00:15:45.000Z,I-75  Exit 14 / Glendale Milford Rd / Vision Way,I-75  Exit 7 / OH-562,Southbound,271,0.061,0.975,4.91,39.24343925,-84.44934065,39.180839987212046,-84.48544001,Yes
63,83,753408bf-6387-47eb-8a70-56f2c73c34ff,2024-01-24T21:10:57.000Z,2024-01-25T00:19:37.000Z,OH-315  Exit 10 / OH-161 Dublin Granville Rd / OH-161 Granville Rd,OH-315 Olentangy River Rd / Retreat Ln,Northbound,189,0.05,0.76,4.66,40.09251211464182,-83.03697053,40.15827000681317,-83.04576,Yes
64,74,01b59844-a0d6-4177-af2b-0e716f105ebc,2024-01-24T12:42:38.000Z,2024-01-24T12:43:56.000Z,I-71,I-71  Exit 15 / Pfeiffer Rd,Southbound,1,0.294,0,6.37,39.32216588476373,-84.28801659,39.25321433942696,-84.3646462,No
65,156,2ab7c931-6e72-4a25-93db-15bfbebed7ce,2024-01-24T12:51:04.000Z,2024-01-24T13:04:59.000Z,OH-59  Exit 5B / Portage Trl,"OH-8  Exits 1A,1B / OH-59  Exit 1B / Fountain St",Westbound,14,0.573,0,2.94,41.12261992803368,-81.48629004,41.08386,-81.50383,Yes
66,14,3842cb04-18ad-41ab-a7ae-dfc2c9d11459,2024-01-24T13:49:55.000Z,2024-01-24T14:01:36.000Z,US-23 Summit St,US-33 3rd St / Mound St,Southbound,12,0.408,0,2.03,39.98426761894429,-83.0015696,39.95560561193579,-82.99665973,Yes
67,152,cff4a0ee-b89e-4b2c-b38e-b02b9837425b,2024-01-24T12:27:49.000Z,2024-01-24T14:09:46.000Z,I-74  Exit 14 / North Bend Rd,"I-75  Exits 3,4 / I-74 / US-52 Hopple St",Eastbound,102,0.041,0.441,4.6,39.18286569926386,-84.59775215,39.14698476135302,-84.5390125,Yes
68,12,a42d143d-e42a-40a9-89bd-b636eb4729df,2024-01-24T20:43:53.000Z,2024-01-24T21:28:57.000Z,"I-75  Exits 16,16A,16B / I-275  Exits 43A,43B","I-71  Exits 17,17A,17B / I-275  Exits 49,49A,49B",Northbound,45,0.029,0.735,3.99,39.288079722205765,-84.43367882,39.28164163835032,-84.36565239,Yes
69,112,149bae0c-78cd-4e49-a2b8-e8991162647c,2024-01-24T13:38:06.000Z,2024-01-24T13:39:12.000Z,I-90  Exit 166 / 117th St,I-90 / I-90 / I-490,Eastbound,1,0.111,0.138,3.72,41.46625995463871,-81.77116048,41.47394001156608,-81.70155898,No
70,5,95c5852c-b990-4f6b-aff3-a45f2d430f52,2024-01-24T05:23:56.000Z,2024-01-24T05:53:52.000Z,OH-122 Middletown Eaton Rd / Hursh Rd,OH-122 East St / Thomas St,Westbound,30,0.817,1.047,8.71,39.53902999803035,-84.46566011,39.64693,-84.52679,Yes
71,46,0f43e068-7aab-4487-9b16-8012cbcf6ce2,2024-01-24T13:36:59.000Z,2024-01-24T13:37:54.000Z,I-71  Exit 19 / Fields Ertel Rd / Escort Dr,"I-71  Exit 14 / OH-126 Ronald Reagan Cross County Hwy Exits 32B,32C",Southbound,1,0.177,0,4.63,39.29590878723727,-84.3130456,39.24588245135457,-84.36599306,No
72,99,70afb976-05fb-4936-8ee9-164a0702c45a,2024-01-24T12:56:05.000Z,2024-01-24T14:24:43.000Z,I-71 / Edwards Rd,I-71  Exit 11 / Kenwood Rd,Northbound,89,0.057,0.409,3.81,39.15611046507565,-84.44034956,39.18734859632527,-84.39047304,Yes
73,160,a23d78de-4aed-47c3-8e98-9b28dbf2b1f4,2024-01-24T13:21:47.000Z,2024-01-24T13:26:39.000Z,"I-270  Exits 35,35A,35B / I-670  Exits 10A-B,10C,10D / US-62",I-670  Exit 6 / Leonard Ave,Westbound,5,0,0.397,3.11,40.01187,-82.90749,39.98101580610818,-82.94660392,No
74,101,1380d1fb-a5b3-4cb7-9de1-5d082ae3fcbf,2024-01-24T12:51:04.000Z,2024-01-24T13:08:03.000Z,"I-71  Exits 231,231A,231B / OH-82 Royalton Rd","I-71  Exits 237,237A,237B / OH-291 Engle Rd / Snow Rd",Northbound,17,0.109,0.268,4.45,41.31548134249647,-81.81177046,41.37840792,-81.81918723,Yes
75,74,0823a23b-6a25-4f7a-95f2-08000f4a8451,2024-01-24T12:46:04.000Z,2024-01-24T12:47:50.000Z,I-71,I-71  Exit 15 / Pfeiffer Rd,Southbound,2,0.189,0.983,6.41,39.32318996770502,-84.28749363,39.25417696963181,-84.3641962,No
76,63,28a61154-12e1-417a-b76d-65bae7c8b68b,2024-01-24T17:34:55.000Z,2024-01-24T18:47:43.000Z,I-71  Exit 131 / OH-37,I-71,Southbound,73,0.21,0.799,5.46,40.25916914219856,-82.92826509,40.184194660892665,-82.94733458,Yes
77,9,a487063a-db73-4c03-be0a-7ee786a7b082,2024-01-24T10:08:45.000Z,2024-01-24T10:12:38.000Z,OH-18 Deshler Rd / Old Deshler Rd,OH-18 Deshler Rd / Hockenberry Rd,Westbound,4,0.467,0.252,7.1,41.183018732608495,-83.72197335,41.20459999433945,-83.83256117,Yes
78,95,9715f636-e8c0-4078-9157-0cf76d252891,2024-01-24T22:14:50.000Z,2024-01-24T22:41:47.000Z,I-670  Exit 3 / Spruce St,"I-71  Exits 109A,109B,110A / I-670  Exits 4A,4A-B,4B,4C,5,5A-5B / Goodale St",Eastbound,27,0.342,0.188,2.35,39.97327,-83.01037,39.97857,-82.97289,No
79,71,80fb6c81-4bf4-4f6f-b66b-b74997497688,2024-01-24T12:38:37.000Z,2024-01-24T13:58:44.000Z,"I-70  Exits 91,91A,91B / CR-3 Hilliard Rome Rd",I-70 / I-670,Eastbound,80,0,0.386,4.68,39.97735,-83.1559,39.96946997017877,-83.06871991,Yes
80,30,501418b4-4e05-4a3f-880a-512c41a64014,2024-01-24T21:26:53.000Z,2024-01-24T23:25:42.000Z,I-270,"I-71  Exits 119,119A,119B / I-270  Exit 26",Northbound,119,0.959,0.182,6.02,40.050840920768906,-82.90201155,40.10796427643316,-82.96160367,Yes
81,27,a71d0271-62df-4fd8-99a6-196f26104d2d,2024-01-24T19:20:49.000Z,2024-01-24T23:39:39.000Z,I-75  Exit 6 / Mitchell Ave,"I-75  Exits 10,10A,10B / OH-126 Ronald Reagan Cross County Hwy Exits 27,27A,27B / Galbraith Rd",Northbound,259,0,0.287,3.76,39.16159,-84.51389,39.19934436064069,-84.4697807,Yes
82,29,91f28d42-5ad3-4753-a443-c6790b9a49bd,2024-01-24T12:47:50.000Z,2024-01-24T12:49:53.000Z,I-275,I-275,Northbound,2,0.597,0.261,6.12,39.17333032096298,-84.26782745,39.24849236781997,-84.30632282,No
83,165,b69571b6-f4ba-4ac5-9faf-f3a387c9bd7f,2024-01-24T20:18:51.000Z,2024-01-24T21:14:32.000Z,"I-71  Exits 109A,109B,110A / I-670  Exits 4A,4A-B,4B,4C,5,5A-5B / Goodale St",I-71  Exit 112 / Hudson St / Homecroft Dr,Northbound,56,0.246,0.512,2.36,39.97697,-82.98344,40.00982706,-82.9875816,Yes
84,92,e616f2ee-7898-422a-9539-6b54f455e091,2024-01-24T20:43:04.000Z,2024-01-24T22:05:06.000Z,OH-59 / Cuyahoga Falls Ave / Riverside Dr,"I-77  Exit 125B / I-76  Exits 23A,23B / OH-8 I-77",Southbound,82,0.079,0.322,3.01,41.11047460765098,-81.49738965,41.067915589544754,-81.50430945,Yes
85,28,5fe5ba2b-3b9e-45d0-9aa6-acc3ee671d05,2024-01-24T12:24:50.000Z,2024-01-24T12:46:39.000Z,"I-75  Exit 24 / OH-129 Butler County Veterans Hwy Exits 25A,25B / Liberty Way",I-75,Southbound,22,0.76,0.824,6.26,39.37109273706926,-84.36578582,39.30405502469959,-84.43843694,Yes
86,6,e0339448-b4f5-4911-bb0a-cf8ca7393c1d,2024-01-24T23:29:10.000Z,2024-01-24T23:47:57.000Z,I-75  Exit 1G / Western Ave,"I-71  Exits 191,192 / KY-8 5th St / Bullock St",Southbound,19,0.491,0.527,1.88,39.11331,-84.53165,39.09107740221266,-84.52258934,Yes
87,2,f95ef6b9-d4b7-4fd6-90b1-0e2aed087ae4,2024-01-24T22:55:02.000Z,2024-01-24T23:22:50.000Z,"I-71  Exits 17,17A,17B / I-275  Exits 49,49A,49B",I-71  Exit 12 / US-22 Montgomery Rd,Southbound,28,0.013,1.296,4.88,39.271738140334215,-84.3502325,39.20575772951041,-84.37214316,Yes
88,6,ebc69bbb-4a1a-457e-a1ac-3f03586e068c,2024-01-24T20:01:50.000Z,2024-01-24T20:06:53.000Z,I-75  Exit 1G / Western Ave,"I-71  Exits 191,192 / KY-8 5th St / Bullock St",Southbound,5,0.196,0.133,1.29,39.11108989131342,-84.53152722,39.09496973053394,-84.52238001,Yes
89,107,ac5b7ce4-718a-4f4e-8754-f10116d1af46,2024-01-25T00:20:05.000Z,2024-01-25T00:24:59.000Z,US-20 / CR-205 Grafton Rd,I-80  Exit 151 / I-480  Exit 1 / OH-10,Eastbound,5,0,0.604,5.55,41.33249,-82.06681,41.38300019155933,-81.98473976,Yes
90,6,9de891c0-d532-45aa-b193-939ec5e2bb3e,2024-01-24T19:47:38.000Z,2024-01-24T19:54:04.000Z,"I-75  Exits 1C,1D,1F / I-71  Exit 1B / US-50 6th St Expy","I-71  Exits 191,192 / KY-8 5th St / Bullock St",Southbound,6,0.284,0.178,1.24,39.10922,-84.53168,39.094329891440665,-84.52241001,Yes
91,164,2def7fa1-4c6d-4a43-951d-cb411c9933e9,2024-01-24T13:03:54.000Z,2024-01-24T13:51:44.000Z,OH-161 / Beech Rd,"I-270  Exits 30,33 / OH-161  Exits 40,41,42 / OH-161 Dublin Granville Rd Exits 40A,40B",Westbound,48,0.206,0.523,5.43,40.07966999440548,-82.76351031,40.08238633981982,-82.85832998,Yes
92,95,4ddbee1c-e043-4e94-9d99-da5bd67a539a,2024-01-24T21:59:55.000Z,2024-01-24T22:11:04.000Z,I-670  Exit 3 / Spruce St,"I-71  Exits 109A,109B,110A / I-670  Exits 4A,4A-B,4B,4C,5,5A-5B / Goodale St",Eastbound,11,0.217,0.188,2.14,39.97307082171359,-83.00658206,39.97857,-82.97289,Yes
93,58,ceeffd4f-a765-43a4-ad4c-49d2af316071,2024-01-24T13:58:44.000Z,2024-01-24T14:00:49.000Z,"I-270  Exits 35,35A,35B / I-670  Exits 10A-B,10C,10D / US-62",I-670  Exit 7 / 5th Ave / US-62 5th Ave,Southbound,2,0.023,0.05,1.99,40.01559786011427,-82.90378206,39.99642952524216,-82.93139074,Yes
94,79,f0c5895b-460d-49c4-aa5f-f2fda3944135,2024-01-24T12:10:51.000Z,2024-01-24T13:47:06.000Z,US-33,US-33 Columbus-Lancaster Rd / CR-229 Bixby Rd,Westbound,96,0.875,0.059,4.58,39.84290001,-82.77829002,39.87094842511126,-82.85531804,Yes
95,120,0143fc30-ca0d-4d83-bca2-1ae6bef8f6f5,2024-01-24T10:11:48.000Z,2024-01-24T10:14:32.000Z,US-6 Bowling Green Rd / Silverwood Rd,US-6 Bowling Green Rd,Eastbound,3,0.462,0.944,6.6,41.36197411656656,-83.53922708,41.34127000085568,-83.41834991,Yes
96,25,6d78cbb7-cf25-4f20-98ed-53f181979b61,2024-01-24T22:50:51.000Z,2024-01-24T22:57:55.000Z,I-75  Exit 59 / Benchwood Rd,"I-75  Exits 54A,54B / OH-4 / OH-48 Main St",Southbound,7,0.326,0.5,4.2,39.84140955743608,-84.18980999,39.78187972,-84.18537003,No
97,140,f9cbf12c-1143-46b1-bdc0-683a35642547,2024-01-24T14:40:05.000Z,2024-01-24T14:56:53.000Z,OH-187 / OH-29,OH-187,Southbound,17,0,0.148,6.3,40.0584,-83.53499,39.98215273329369,-83.49901257,Yes
98,3,d1ec7db2-7b58-4602-86ba-a42ed1820e86,2024-01-24T18:00:52.000Z,2024-01-24T18:43:11.000Z,"I-71  Exits 191,192 / KY-8 5th St / Bullock St","I-75  Exits 2,2B / Winchell Ave / Western Hills Viad",Northbound,42,0.441,0.728,2.67,39.08765457511199,-84.52274926,39.12161559553768,-84.53539754,Yes
99,158,92978558-b8c9-44c0-9de5-3d06c5c9a5f8,2024-01-25T00:24:41.000Z,2024-01-25T00:30:51.000Z,CR-12 Old Xenia Rd / OH-38,OH-38,Southbound,6,0.313,0,7.15,39.84793246734865,-83.46639393,39.747079195335886,-83.48102966,Yes
100,68,994c275f-e7ee-4de2-b582-264e140492dd,2024-01-24T19:35:51.000Z,2024-01-24T21:51:48.000Z,"I-75  Exit 61 / I-70  Exits 33,33A,33B",I-70,Westbound,136,0.764,0.723,4.59,39.864675566516254,-84.21232478,39.855509858961305,-84.29666864,Yes
101,104,4c0372e4-77b6-4757-ad03-bbf6269c689e,2024-01-24T07:55:44.000Z,2024-01-24T08:01:36.000Z,US-6 / County Road 20,US-24  Exit 39 / Woodlawn Ave / US-6,Eastbound,6,0.293,0.272,5.83,41.43450708358374,-84.23672573,41.39671,-84.14746,Yes
102,53,497bc5d1-9fde-4192-a74f-0764e2168c3e,2024-01-24T21:24:49.000Z,2024-01-24T21:25:49.000Z,US-33 3rd St / Elm St,US-33 Livingston Ave / US-33 3rd St / US-23 Livingston Ave,Eastbound,1,0.067,0,0.81,39.964309921494525,-82.99834999,39.95300590030784,-82.99619208,Yes
103,53,5bda861f-3547-42c6-972f-40e479d26695,2024-01-24T21:54:44.000Z,2024-01-24T22:04:50.000Z,US-33 Long St,US-33 Livingston Ave / US-33 3rd St / US-23 Livingston Ave,Eastbound,10,0.07,0.043,0.92,39.96509299035536,-83.0000501,39.953212315219616,-82.9962478,Yes
104,95,fe48cfea-3625-45c3-ae9c-3b30dcbf2df7,2024-01-24T21:56:43.000Z,2024-01-24T21:57:57.000Z,I-670  Exit 3 / Spruce St,"I-71  Exits 109A,109B,110A / I-670  Exits 4A,4A-B,4B,4C,5,5A-5B / Goodale St",Eastbound,1,0,0.188,2.09,39.97319,-83.00548,39.97857,-82.97289,No
105,86,0aea3c68-391e-4ce0-a622-209bbb001476,2024-01-24T20:42:47.000Z,2024-01-24T21:16:51.000Z,I-71  Exit 5 / Dana Ave / Duck Creek Rd,I-71 / 3rd St,Southbound,34,0.836,0.403,3.4,39.14372137747807,-84.47471299,39.10530671828109,-84.5045507,Yes
106,52,e9b15cf5-9ef9-4cf7-8abd-d7542eccb0f0,2024-01-24T13:14:09.000Z,2024-01-24T13:27:33.000Z,I-275,I-275  Exit 52 / Loveland Madeira Rd,Northbound,13,0.597,1.202,5.45,39.17333032096298,-84.26782745,39.240652498839125,-84.29887237,Yes
107,117,1d297bcb-5d6c-45a0-a191-619f34751de8,2024-01-24T08:40:41.000Z,2024-01-24T09:01:40.000Z,OH-108 / County Road C2,OH-108 / OH-613,Southbound,21,0.391,0.77,6.76,41.19836888051589,-84.13210445,41.09962567290929,-84.13132,Yes
108,6,3874f2b1-0562-4f41-b8c4-6677b109fd59,2024-01-24T23:16:45.000Z,2024-01-24T23:25:42.000Z,"I-75  Exits 1C,1D,1F / I-71  Exit 1B / US-50 6th St Expy","I-71  Exits 191,192 / KY-8 5th St / Bullock St",Southbound,9,0.181,0.527,1.41,39.10665985325012,-84.53115991,39.09107740221266,-84.52258934,Yes
109,149,ae16f4a4-bf02-445c-883b-c1b18890a438,2024-01-24T13:05:53.000Z,2024-01-24T13:39:42.000Z,OH-4-BYP,Port Union Rd / OH-4-BYP,Southbound,34,0.92,0.523,2.04,39.36529997843584,-84.50485,39.33641030204185,-84.50261289,Yes
110,144,6dd4b6fc-2f53-4cce-a44a-471da3ff691b,2024-01-24T22:34:04.000Z,2024-01-24T22:41:09.000Z,"I-480  Exits 10,11 / Berea Fwy Exit 238 / I-71  Exit 238",I-71  Exit 235 / Bagley Rd,Southbound,7,0.203,0.339,3.25,41.425270264989656,-81.82053564,41.38030286,-81.81891265,Yes
111,143,ea03e8e8-7265-4fa8-b13f-64cbaf2fa088,2024-01-24T21:36:18.000Z,2024-01-24T22:43:46.000Z,"I-70  Exits 101A,101B / I-71  Exits 107,108A / Parsons Ave",I-71 / I-70,Southbound,67,0,0,1.97,39.95443,-82.97468,39.95263929978946,-83.0110621,Yes
112,26,4d15b909-ca8e-4e84-808e-4d90496daaa2,2024-01-24T21:50:32.000Z,2024-01-24T21:57:38.000Z,"I-75  Exit 204 / I-475  Exits 20A,20B",I-475  Exit 16 / Talmadge Rd / Springbrook Dr,Southbound,7,0,0.367,3.12,41.67579,-83.5782,41.68832945721879,-83.63435117,Yes
113,28,fdf688ce-870b-47da-9d38-86cd2d2d1d30,2024-01-24T12:54:46.000Z,2024-01-24T13:07:47.000Z,"I-75  Exit 24 / OH-129 Butler County Veterans Hwy Exits 25A,25B / Liberty Way",I-75,Southbound,13,0.211,0.251,2.83,39.36493,-84.36743,39.33841970338966,-84.40508056,Yes
114,29,ef5e1537-79e5-45d8-b283-b28e167411f8,2024-01-24T22:09:22.000Z,2024-01-24T22:56:51.000Z,"I-275  Exits 42,42A,42B / OH-747 Princeton Pike",I-275,Northbound,47,0,0.425,4.02,39.29499,-84.46661,39.29595213457607,-84.53814776,Yes
115,135,1f9e7a94-41cd-4509-b0a3-3b468980dd85,2024-01-24T20:21:50.000Z,2024-01-24T21:00:50.000Z,I-70  Exit 100B / US-23 Brewer St / US-23 Livingston Ave,"I-70  Exits 103A,103B / Alum Creek Dr",Eastbound,39,0.342,0.392,2.48,39.95346054740544,-82.99442507,39.95292669826967,-82.94798799,Yes
116,29,9b9b3302-c647-47a0-9dd3-dac06df0b6f5,2024-01-24T12:53:48.000Z,2024-01-24T13:01:44.000Z,I-275  Exit 33 / US-27 Colerain Ave,I-275,Northbound,8,0.025,1.128,4.49,39.25387046344406,-84.60514924,39.29448044409644,-84.54316591,Yes
117,124,f2b33137-a34b-48c7-b12e-933f6847930b,2024-01-24T14:19:00.000Z,2024-01-24T14:21:51.000Z,I-75  Exit 7 / OH-562,I-75 / Galbraith Rd,Northbound,3,0.074,0.241,2.55,39.17344270505741,-84.49100019,39.20433559515297,-84.46628937,Yes
118,122,382cbd5d-46ce-4b23-8355-dcac8cce10f3,2024-01-24T15:14:16.000Z,2024-01-24T15:53:02.000Z,I-77  Exit 118 / OH-241 Massillon Rd,"I-77  Exits 122A,122B / I-277  Exits 4A,4B / US-224  Exit 4B",Northbound,39,0,0.439,4.27,40.9619,-81.46262,41.01489520214989,-81.49553083,Yes
119,132,d2e921ab-2145-456b-81e1-b1e200fd3804,2024-01-24T22:43:07.000Z,2024-01-24T22:57:06.000Z,I-480  Exit 25C / OH-43 / OH-43 Aurora Rd,I-480,Westbound,14,0.438,0.069,3.1,41.421991350878606,-81.52541235,41.42305140064967,-81.58338788,Yes
120,111,b1a74912-9243-4728-a945-9bca3e9a9c8b,2024-01-25T02:01:06.000Z,2024-01-25T02:21:05.000Z,OH-7 / 2nd Ave,OH-7,Southbound,20,1.02,0.488,6.03,39.51349,-81.07535,39.44843127696672,-81.14223767,Yes
121,59,fcc7944d-8a18-4a32-a4af-d3d94ba78fa0,2024-01-24T23:39:12.000Z,2024-01-24T23:44:12.000Z,I-70  Exit 153 / Liberty St,I-70,Eastbound,5,0.176,0.185,2.26,39.94749765495833,-82.01530968,39.94833976100072,-81.97539027,Yes
122,76,e3d356e2-cc87-4df0-a652-3b9b9415ca35,2024-01-24T09:25:41.000Z,2024-01-24T09:41:35.000Z,OH-65 Main St / OH-65 Veterans Dr / Main St,OH-65 Ottawa Rd / OH-65 Perrysburg Rd / Main St,Southbound,16,0,0,5.5,40.91284,-84.06419,40.83889043801574,-84.08756802,Yes
123,60,d8c58ba0-a53e-43ef-8ef1-5e39b2b76129,2024-01-24T23:29:10.000Z,2024-01-24T23:36:59.000Z,OH-823  Exit 16 / US-23,OH-823  Exit 9 / CR-28 Lucasville Minford Rd,Southbound,8,0,0.639,6.04,38.89198,-82.99436,38.86737306,-82.90281149,Yes
124,28,fd4fda05-4355-46ea-967b-beeafb20b787,2024-01-24T12:35:54.000Z,2024-01-24T12:36:42.000Z,"I-75  Exit 24 / OH-129 Butler County Veterans Hwy Exits 25A,25B / Liberty Way",I-75,Southbound,1,0,0.878,3.67,39.36789,-84.36648,39.33238996505789,-84.41390004,No
125,47,792ff3d1-bece-4f2c-9663-bca22583189f,2024-01-24T20:44:34.000Z,2024-01-24T21:11:32.000Z,US-23,US-23,Northbound,27,0.958,0.333,3.47,41.57169269796354,-83.69098061,41.62155874861746,-83.69193145,Yes
126,23,7aba49f2-b0f2-4b49-b5a4-8cd82bf192b6,2024-01-24T20:17:45.000Z,2024-01-24T20:31:58.000Z,"I-70  Exits 107,107A,107B / OH-317 Hamilton Rd","I-70  Exits 110,110A,110B / CR-117 Brice Rd / Brice Rd",Eastbound,14,0.065,0.463,2.38,39.93627997270269,-82.88253028,39.933168427374426,-82.84008993,Yes
127,55,e68f6c51-7e55-4464-8840-f22b3799c8c9,2024-01-24T12:51:09.000Z,2024-01-24T13:36:59.000Z,"I-270  Exits 17A,17B / OH-161  Exit 108",I-270  Exit 20 / CR-70 Sawmill Rd / Sawmill Rd,Northbound,46,0.89,0.587,3.77,40.10923074907066,-83.10822951,40.112117795841854,-83.03775444,Yes
128,148,471d30e9-17cb-46f4-838b-bd7e041d1491,2024-01-24T14:41:09.000Z,2024-01-24T14:46:06.000Z,CR-74 Prospect St / CR-148 Summit Rd,CR-148 Summit Rd / Powder Mill Rd,Westbound,5,0,0,3.34,41.1383,-81.2419,41.13723,-81.30522999,Yes
129,109,03151699-07ee-4407-b5d7-e18d509a3331,2024-01-24T20:00:55.000Z,2024-01-24T20:13:59.000Z,US-27 / OH-126 Hamilton Cleves Rd / OH-128 Hamilton Cleves Rd,OH-128 Hamilton Cleves Rd,Northbound,13,0.872,0.222,4.49,39.32166,-84.63954,39.36119009524585,-84.5828199,Yes
130,16,0dda3b28-735e-47bc-b90d-17655e1c1669,2024-01-24T13:06:04.000Z,2024-01-24T13:12:15.000Z,"I-77  Exits 137A,137B / OH-18 Medina Rd",I-77,Northbound,6,0,0.647,2.66,41.13187,-81.65151,41.160741332060695,-81.62604012,Yes
131,159,189e4054-cdc4-43bc-aced-7e88cb0cae6c,2024-01-24T17:34:14.000Z,2024-01-24T18:06:51.000Z,"I-75  Exits 3,4 / I-74 / US-52 Hopple St",I-75  Exit 8 / Towne St,Northbound,33,1.241,0,2.5,39.16206091444532,-84.51894788,39.18161297965657,-84.48481783,Yes
132,89,0fd8e121-7420-43f8-a5a1-2759aac946c7,2024-01-24T20:55:02.000Z,2024-01-24T21:11:12.000Z,I-90  Exit 195 / OH-615 Center St,I-90,Eastbound,16,0.384,0.158,4.05,41.64597169230312,-81.33982222,41.661721069718126,-81.26551856,Yes
133,55,4618128e-cc7f-4970-a495-5edba4498492,2024-01-24T21:36:18.000Z,2024-01-24T22:52:46.000Z,"I-71  Exits 119,119A,119B / I-270  Exit 26",I-270  Exit 20 / CR-70 Sawmill Rd / Sawmill Rd,Northbound,76,0.172,0.606,2.76,40.11213045949067,-83.01865849,40.11027992280981,-83.071241,Yes
134,77,17fc4ec1-0683-40d2-9c55-c33eaf9912a7,2024-01-24T13:08:03.000Z,2024-01-24T13:42:08.000Z,I-77  Exit 153 / Pleasant Valley Rd / Forestwood Dr,I-77  Exit 158 / Grant Ave,Northbound,34,0.305,0.624,3.21,41.38705239639564,-81.6527603,41.43108879350793,-81.64771395,Yes
135,12,46e58b69-61e0-40be-9a0e-bafe67db8d03,2024-01-24T21:50:53.000Z,2024-01-24T22:03:44.000Z,I-275  Exit 44 / Mosteller Rd,"I-71  Exits 17,17A,17B / I-275  Exits 49,49A,49B",Northbound,13,0.218,0.653,3.43,39.285919924210695,-84.4253197,39.28239814992343,-84.36670752,No
136,81,8a454502-2e11-4352-8849-b057d7ee7b8f,2024-01-24T21:09:51.000Z,2024-01-24T21:51:48.000Z,I-71 / I-70,I-71  Exit 105 / Greenlawn Ave,Westbound,42,0,0.066,1.84,39.9544,-82.98845,39.94639969516805,-83.01448978,Yes
137,81,761decf9-97e4-475c-b6c4-bd6f496ce3fa,2024-01-24T22:50:51.000Z,2024-01-24T22:56:51.000Z,I-71 / I-70,I-71  Exit 105 / Greenlawn Ave,Westbound,6,0,0.066,1.84,39.9544,-82.98845,39.94639969516805,-83.01448978,Yes
138,163,9ba6595b-29b9-40ea-9022-906c1a1ed36b,2024-01-24T13:06:04.000Z,2024-01-24T13:55:06.000Z,I-90 / I-90 / I-490,I-490 / Opportunity Corridor,Eastbound,49,0,0.251,2.65,41.47399,-81.69972,41.47984171937421,-81.6499845,Yes
139,8,14650bfb-809a-4529-9c3e-4cc976cb4cf9,2024-01-25T00:53:56.000Z,2024-01-25T01:02:55.000Z,OH-4 Wright Brothers Memorial Hwy / Lakeview Dr,OH-4 Verity Pkwy / 18th Ave,Northbound,9,0.349,0.62,3.88,39.44420013225559,-84.42638985,39.497531678839856,-84.41043916,Yes
140,87,9d0e62db-0a60-4df3-9a39-f8a35981d374,2024-01-24T22:43:46.000Z,2024-01-24T23:06:54.000Z,I-270,I-270,Northbound,23,0,0.175,3.32,40.03676,-82.90277,40.08399320627381,-82.90671774,Yes
141,7,adca0a7c-91ca-46ef-b495-7805a2e66018,2024-01-24T18:51:45.000Z,2024-01-24T19:10:02.000Z,I-75  Exit 6 / Mitchell Ave,I-75  Exit 9 / OH-4 Paddock Rd / Summit Rd,Northbound,18,0.258,0,2.31,39.16263524129027,-84.50935791,39.18584593453792,-84.48268326,Yes
142,47,1e6c4eae-4f80-4827-95eb-63f4acc86845,2024-01-24T21:30:32.000Z,2024-01-24T23:01:34.000Z,US-23,US-23,Northbound,91,1.125,0.473,3.44,41.57298338001181,-83.69099,41.62413652781483,-83.69236162,Yes
143,86,0474487c-e51d-4cec-b0eb-6c762fd721d9,2024-01-24T22:38:51.000Z,2024-01-24T22:39:46.000Z,I-71 / US-22 Montgomery Rd / Brewster Ave,I-71 / 3rd St,Southbound,1,0.341,0.063,2.28,39.13893745806468,-84.48620944,39.109792580508646,-84.50183055,No
144,28,f74154bb-8abe-4760-a754-d76bf8d588ab,2024-01-24T12:37:53.000Z,2024-01-24T12:41:56.000Z,"I-75  Exit 24 / OH-129 Butler County Veterans Hwy Exits 25A,25B / Liberty Way",I-75,Southbound,4,0.07,0.516,3.24,39.36688879397608,-84.36675033,39.33631708205912,-84.40872015,No
145,28,c7651c39-4ab1-45af-aede-6853754a8517,2024-01-24T12:43:56.000Z,2024-01-24T12:46:04.000Z,"I-75  Exit 24 / OH-129 Butler County Veterans Hwy Exits 25A,25B / Liberty Way",I-75,Southbound,2,0.76,0.386,2.81,39.37109273706926,-84.36578582,39.34127172964743,-84.39832495,No
146,35,3f5cfdf2-dcc6-41d4-93ee-78bd0cab9ab7,2024-01-24T21:21:46.000Z,2024-01-24T21:36:18.000Z,"I-75  Exits 54A,54B / OH-4 / OH-48 Main St",I-75  Exit 57 / Wagner Ford Rd,Northbound,15,0.126,0.167,1.89,39.77019140201475,-84.19518757,39.79257654887654,-84.18622422,Yes
147,114,10c61216-d1ed-4ffa-ba63-faacfa2e1162,2024-01-24T06:30:54.000Z,2024-01-24T06:40:03.000Z,Glenwood Ave / Mahoning Ave,Glenwood Ave / Laclede Ave,Southbound,9,0.026,0.039,1.92,41.101553265255376,-80.67084628,41.07471422495351,-80.67533497,Yes
148,86,83829a34-e711-4f0b-8384-158ba5180359,2024-01-24T22:24:48.000Z,2024-01-24T22:34:53.000Z,"I-71  Exits 3,3A-B / Essex Pl / William Howard Taft Rd",I-71 / 3rd St,Southbound,10,0.427,0,2.13,39.13806,-84.48782,39.11081110767623,-84.50134496,No
149,40,7b756528-3b38-4c2d-a991-946730a431cf,2024-01-24T13:23:07.000Z,2024-01-24T13:24:11.000Z,I-90  Exit 164 / Marginal Dr / Mckinley Ave,I-90  Exit 167 / West Blvd,Eastbound,1,0,0,2.28,41.46968,-81.81175,41.46637941729702,-81.76992091,No
150,61,838dac4d-2bf4-4ad9-9b42-45a82ee4bda6,2024-01-24T14:04:37.000Z,2024-01-24T14:11:40.000Z,I-275  Exit 52 / Loveland Madeira Rd,I-275  Exit 47 / Reed Hartman Hwy,Northbound,7,0.093,0.409,3.55,39.24657249199655,-84.30446974,39.27556005748799,-84.35708007,Yes
151,44,87246a6a-23ab-4252-b84b-47b8687d72e5,2024-01-24T20:29:14.000Z,2024-01-24T20:35:15.000Z,I-90 / 26th St,"I-90  Exits 171,172A,172C / I-77  Exit 162B / OH-10 Carnegie Ave",Westbound,6,0.152,0.077,0.92,41.51274985923052,-81.67312995,41.50003811424797,-81.67102189,Yes
152,123,aeff5e6b-c1cf-4833-8312-56fd666eb25b,2024-01-24T11:58:51.000Z,2024-01-24T13:02:42.000Z,OH-16  Exit 27 / OH-37 / OH-16 Columbus Rd,OH-37 / OH-161 / OH-37 Johnstown-Alexandria Rd,Northbound,64,0.288,1.316,3.73,40.06084517179304,-82.52784055,40.07334115071684,-82.59567877,Yes
153,36,56df6a22-ad11-49d4-89d5-226457be3c3d,2024-01-24T22:24:48.000Z,2024-01-24T22:30:41.000Z,OH-315  Exit 1A / US-62 Rich St / US-62 Plato Pl,OH-315  Exit 3 / Cannon Dr / Medical Center Dr,Northbound,6,0.119,0.271,1.52,39.95541409,-83.01814008,39.97710008764329,-83.02109001,No
154,68,30b0ed02-d64d-46b6-8022-f682098d0530,2024-01-24T12:23:47.000Z,2024-01-24T12:58:06.000Z,I-70,I-70,Westbound,34,0.878,0.234,3.2,39.93669427974175,-82.77758708,39.93333060815223,-82.83747246,Yes
155,118,2247842c-cb12-4551-88cc-52be71ec9fce,2024-01-24T12:51:09.000Z,2024-01-24T12:54:46.000Z,I-75  Exit 59 / Benchwood Rd,I-75  Exit 56 / Stanley Ave,Southbound,4,0.87,0.37,2.27,39.82561126113078,-84.18942047,39.79185995781835,-84.18585997,Yes
156,57,3f71cc17-05d4-43d8-86db-47738f5a364e,2024-01-24T12:38:37.000Z,2024-01-24T14:11:40.000Z,I-71  Exit 104 / Frank Rd Exit 89,I-70  Exit 100B / US-23 Brewer St / US-23 Livingston Ave,Northbound,93,0.531,0.388,2.69,39.92052012654227,-83.01279997,39.95335000357394,-83.00540989,Yes
157,113,729292ed-8a2c-4325-b790-886452abf4b7,2024-01-24T12:43:56.000Z,2024-01-24T12:46:04.000Z,I-71  Exit 112 / Silver Dr,"I-71  Exits 109A,109B,110A / I-670  Exits 4A,4A-B,4B,4C,5,5A-5B / Goodale St",Southbound,2,0.021,0.132,2.1,40.01755722429233,-82.99501962,39.99019982274856,-82.98556002,No
158,29,c7f6dc93-b85e-47f1-b38d-9b464b15c297,2024-01-24T21:53:40.000Z,2024-01-24T21:58:50.000Z,I-275  Exit 47 / Reed Hartman Hwy,I-275,Northbound,5,0.566,0.767,2.57,39.275638135171135,-84.3575872,39.25221809035834,-84.32108281,No
159,106,e9adbc7d-2355-48ae-9224-7bfa1a18f49c,2024-01-24T21:08:36.000Z,2024-01-24T22:46:46.000Z,I-270,I-270,Northbound,98,0.145,0.174,4.58,39.88508902094819,-82.91484583,39.93207940909661,-82.85530286,Yes
160,29,35257768-b10b-49eb-bbe4-02fc651e2c8f,2024-01-24T12:26:04.000Z,2024-01-24T12:34:11.000Z,I-275,I-275,Northbound,8,0,0.261,3.73,39.20746348,-84.26318864,39.24849236781997,-84.30632282,Yes
161,97,f1da2d15-0faf-4851-94a9-b586a1e0300a,2024-01-24T13:54:35.000Z,2024-01-24T14:04:37.000Z,I-70,I-70  Exit 103 / US-33 Livingston Ave,Westbound,10,1.282,1.057,2.16,39.93205991151302,-82.90652063,39.94106018,-82.9392899,No
162,98,409aa716-12c2-4cf8-8cd6-e460b0fc8aef,2024-01-24T20:53:33.000Z,2024-01-24T23:09:46.000Z,OH-16 Broad St,OH-16 Broad St,Eastbound,136,0.934,0.703,2.57,39.97737100014717,-82.863379,39.982660005057504,-82.81494995,Yes
163,138,30e14453-1441-48e6-90c7-4d938050a06b,2024-01-24T21:13:41.000Z,2024-01-24T21:21:13.000Z,US-40 Main St / Noe Bixby Rd,US-40 Main St / Davidson Dr,Eastbound,8,0.845,0,2.14,39.95464,-82.84562,39.955200252747694,-82.80574762,Yes
164,97,be20bb10-51f1-4de9-93c3-d1bc685b9ea9,2024-01-24T13:14:09.000Z,2024-01-24T13:38:47.000Z,I-70,I-70  Exit 103 / US-33 Livingston Ave,Westbound,25,1.115,0.933,2.2,39.93269838189498,-82.90361869,39.94088005787331,-82.93915005,Yes
165,103,16f3b260-886e-4483-8a5b-3bbc20e10b58,2024-01-24T22:07:59.000Z,2024-01-24T22:11:04.000Z,US-23,US-23 / Meadow Park Ave,Southbound,3,0.533,0.556,3.19,40.20770834314166,-83.03123723,40.16232896149049,-83.01939954,Yes
166,155,2c8bdee3-19b0-4403-9a74-2b2638711f25,2024-01-24T12:54:09.000Z,2024-01-24T12:55:03.000Z,"I-77  Exits 122A,122B / I-277  Exits 4A,4B / US-224  Exit 4B",I-77 / Coventry St,Northbound,1,0.821,0.064,1.26,41.02033,-81.4969,41.03668718,-81.50492006,Yes
167,127,a87a2393-9ca6-4eb4-9ccf-e43056f151f5,2024-01-25T00:23:47.000Z,2024-01-25T00:42:57.000Z,I-71 / 3rd St,"I-71  Exits 191,192 / KY-8 5th St / Bullock St",Southbound,19,0.147,0.215,1.5,39.10305986844815,-84.50440997,39.09423627007038,-84.52241694,Yes
168,162,f418314f-dcde-40e2-9641-1b54a1a68306,2024-01-24T20:26:39.000Z,2024-01-24T23:19:37.000Z,"I-670  Exits 2A,2B,3 / OH-315  Exits 1C,1D,1E,1F,2 / Goodale St",I-70 / I-670,Westbound,173,0,1.061,2.66,39.96724,-83.02461,39.970346128266286,-83.07067032,Yes
169,88,f31f6d0a-b39d-418a-849a-030eab1fcd9f,2024-01-25T02:13:06.000Z,2024-01-25T02:16:58.000Z,OH-7 / Mcmahan Rd / Leith Run Rd,OH-7 / Dana Rd,Southbound,4,0.921,0.74,3.92,39.44834999880202,-81.15084,39.41270447726061,-81.20488499,Yes
170,96,1363d231-e819-4d02-8c6f-3e885b514c69,2024-01-24T13:10:08.000Z,2024-01-24T13:11:10.000Z,"I-71  Exits 231,231A,231B / OH-82 Royalton Rd",I-71,Northbound,1,0.216,0.062,2.03,41.31200021107686,-81.81056007,41.34081819717006,-81.81710988,Yes
171,128,e93c6d1e-5d87-47f7-9cb8-5e869f338e1d,2024-01-24T18:03:58.000Z,2024-01-24T18:34:19.000Z,Hilliard Blvd / Hunter's Point Ln,Hilliard Blvd,Westbound,30,0.832,0.662,3.03,41.46340203895208,-81.87478719,41.45727215639285,-81.93208091,Yes
172,125,afacd32b-4330-4c67-adb2-2b3683eb3953,2024-01-24T15:28:07.000Z,2024-01-24T15:42:00.000Z,I-77,I-77,Northbound,14,0.896,0.211,3.02,40.955451337216736,-81.45554325,40.98978594455995,-81.4934098,No
173,137,c65d875b-f4de-4b86-874e-6f201ebfda42,2024-01-24T22:30:41.000Z,2024-01-24T23:14:54.000Z,OH-315  Exit 10 / OH-161 Dublin Granville Rd / OH-161 Granville Rd,OH-315 / Hard Rd,Northbound,44,1.386,0,1.84,40.08556,-83.03496,40.11160603814047,-83.03520895,Yes
174,166,a28ad880-0014-4626-b0f5-3b946311e61d,2024-01-24T13:04:10.000Z,2024-01-24T14:15:00.000Z,"OH-176 Jennings Fwy Exits 16,16C / Spring Rd / Hinckley Industrial Pkwy","I-71  Exits 245,246,247A / I-90 Exit 170B / I-490  Exit 1A",Northbound,71,0,0.424,2.35,41.43095,-81.68156,41.46289,-81.69369,Yes
175,37,21e2bbb9-505f-4576-b7f3-6e5673ee7bf9,2024-01-24T12:54:46.000Z,2024-01-24T13:02:42.000Z,OH-315  Exit 5 / Ackerman Rd,"I-670  Exits 2A,2B,3 / OH-315  Exits 1C,1D,1E,1F,2 / Goodale St",Southbound,8,0.051,0.349,2.04,40.015380293590646,-83.03315009,39.98804209971332,-83.02449657,Yes
176,19,11260788-7977-4b3c-b583-6440be8a374d,2024-01-24T21:36:14.000Z,2024-01-24T21:46:13.000Z,I-90  Exit 164 / Marginal Dr / Mckinley Ave,I-90  Exit 160 / Clague Rd / Sperry Dr,Westbound,10,0,0.586,3.16,41.46983,-81.81116,41.476374462741184,-81.87049943,Yes
177,25,bdd00edb-c53c-4698-983a-6b87d05e4b71,2024-01-25T02:27:58.000Z,2024-01-25T04:09:48.000Z,I-75  Exit 58 / Needmore Rd,"I-75  Exits 54A,54B / OH-4 / OH-48 Main St",Southbound,102,0.084,0.289,2.22,39.81568831939467,-84.18916997,39.78511702314228,-84.18481395,Yes
178,38,06a88754-eceb-4edb-880e-e0c185c4d0e1,2024-01-24T12:52:13.000Z,2024-01-24T14:37:11.000Z,I-71  Exit 244 / Denison Ave,I-71 / I-90 / I-90,Northbound,105,0.056,0.751,4.13,41.44664002385549,-81.74386915,41.478436653606856,-81.69311244,Yes
179,45,1b7f2391-f76f-46c8-8100-d377d1d0eaf1,2024-01-24T21:14:32.000Z,2024-01-24T21:58:50.000Z,I-71  Exit 11 / Kenwood Rd,I-71  Exit 15 / Pfeiffer Rd,Northbound,44,0.48,0.824,2.92,39.19586171576246,-84.37740608,39.23611200618339,-84.36679677,Yes
180,35,3db038a7-8366-4d42-89ac-611079b2107c,2024-01-24T20:54:45.000Z,2024-01-24T20:59:49.000Z,"I-75  Exits 54A,54B / OH-4 / OH-48 Main St",I-75  Exit 57 / Wagner Ford Rd,Northbound,5,0.071,0.132,1.99,39.77206018235708,-84.18907958,39.79863982,-84.18967517,Yes
181,45,2ef069ea-89e5-4938-9805-09b40ca43950,2024-01-24T12:53:48.000Z,2024-01-24T13:35:50.000Z,I-71  Exit 11 / Kenwood Rd,I-71  Exit 15 / Pfeiffer Rd,Northbound,42,0.48,0.824,2.92,39.19586171576246,-84.37740608,39.23611200618339,-84.36679677,Yes
182,45,21cbb176-9c40-481a-80d4-b27b5ae8e74b,2024-01-24T20:21:50.000Z,2024-01-24T20:57:04.000Z,I-71  Exit 11 / Kenwood Rd,I-71  Exit 15 / Pfeiffer Rd,Northbound,35,0.654,0.282,2.2,39.19777217521457,-84.37562891,39.228860186629376,-84.36670001,Yes
183,61,f1a24efb-7c80-4d58-b40f-033ef5a76f4f,2024-01-24T13:58:01.000Z,2024-01-24T13:59:48.000Z,I-275,I-275  Exit 47 / Reed Hartman Hwy,Northbound,2,0.765,0.444,1.83,39.25650128087588,-84.33134805,39.27591009597427,-84.35755013,No
184,32,f414c9a0-6de6-43ab-b020-36a5dda05667,2024-01-24T13:26:06.000Z,2024-01-24T13:32:11.000Z,I-90  Exit 166 / 117th St,I-90 / Clark Ave,Eastbound,6,0,0.601,1.78,41.46648,-81.76885,41.47068504333491,-81.73579414,No
185,12,fb27f85a-95a5-43a1-a461-2a423b7e99c1,2024-01-24T22:06:49.000Z,2024-01-24T22:09:44.000Z,I-275  Exit 44 / Mosteller Rd,"I-71  Exits 17,17A,17B / I-275  Exits 49,49A,49B",Northbound,3,0.109,0.653,3.54,39.28642787502373,-84.42724366,39.28239814992343,-84.36670752,No
186,30,d29e52d3-ab03-4600-afec-5f7acbe7ceea,2024-01-24T20:36:43.000Z,2024-01-24T20:40:50.000Z,"I-270  Exits 30,33 / OH-161  Exits 40,41,42 / OH-161 Dublin Granville Rd Exits 40A,40B","I-71  Exits 119,119A,119B / I-270  Exit 26",Northbound,4,0.772,0.182,2.76,40.09645811413992,-82.91199136,40.10796427643316,-82.96160367,Yes
187,29,7ab2b26a-a705-4c65-83df-744eb6e5587f,2024-01-24T13:39:42.000Z,2024-01-24T13:45:53.000Z,I-275,I-275,Northbound,6,0.154,0.261,3.57,39.20909409346813,-84.26371382,39.24849236781997,-84.30632282,No
188,19,e3c4b906-8a1f-4aac-9ed8-38bee9b1b1b0,2024-01-24T21:56:20.000Z,2024-01-24T22:23:06.000Z,I-90 / Lakewood Heights Blvd / Alger Rd,I-90  Exit 160 / Clague Rd / Sperry Dr,Westbound,27,0.025,0.422,3.2,41.46964004,-81.80722159,41.47616188902315,-81.86704217,Yes
189,12,1ac319a9-1421-45ac-8cb5-2768c0ef0d85,2024-01-24T21:36:46.000Z,2024-01-24T21:37:53.000Z,I-275  Exit 44 / Mosteller Rd,"I-71  Exits 17,17A,17B / I-275  Exits 49,49A,49B",Northbound,1,0,0.223,3.22,39.28693,-84.42917,39.28684274448776,-84.37269589,No
190,68,179e9984-04b4-441c-93a1-486d7dbd6e44,2024-01-24T13:03:54.000Z,2024-01-24T14:06:05.000Z,"I-70  Exits 112,112A,112B / OH-256 Reynoldsburg Baltimore Rd",I-70,Westbound,62,0.07,0.234,2.82,39.934669769227725,-82.78600092,39.93333060815223,-82.83747246,Yes
191,27,6d1372c5-6cb0-4ae5-89db-26b1dbe6959b,2024-01-25T03:18:10.000Z,2024-01-25T04:13:12.000Z,I-75  Exit 7 / OH-562,"I-75  Exits 10,10A,10B / OH-126 Ronald Reagan Cross County Hwy Exits 27,27A,27B / Galbraith Rd",Northbound,55,0.074,0.304,1.78,39.17344270505741,-84.49100019,39.19493444166119,-84.47481395,Yes
192,29,07c7fe7f-6817-4560-a87a-5ea3d270a0f6,2024-01-24T12:56:31.000Z,2024-01-24T13:01:44.000Z,I-275,I-275,Northbound,5,0.985,0.462,2.62,39.24749496667863,-84.61157,39.27544010266087,-84.57830984,No
193,10,c1911691-7cab-4ff7-83e3-6163f9f8b52d,2024-01-24T22:29:48.000Z,2024-01-24T22:34:53.000Z,I-71 / I-70,"I-71  Exits 99A,99B,106 / I-70  Exits 99A,99C / OH-315",Westbound,5,0,0.467,1.77,39.9544,-82.98845,39.9472,-83.01516,Yes
194,41,dc90aa40-9416-4672-9a0d-70d884e44ef8,2024-01-25T01:04:40.000Z,2024-01-25T01:23:00.000Z,OH-73 Verity Pkwy / Eldora Dr,Front St / OH-73-TRUCK Riley Blvd / OH-73,Northbound,18,0.437,0,3.73,39.53061212232495,-84.37612745,39.54963067675933,-84.31364855,Yes
195,116,7e8c731a-aab1-4f9e-a0ff-f9ddd9f34c36,2024-01-24T22:33:13.000Z,2024-01-24T22:40:01.000Z,I-76  Exit 20 / I-77  Exit 129,I-76  Exit 18 / I-277  Exit 1 / US-224,Westbound,7,0,0.326,1.73,41.05769,-81.56754,41.03560857141717,-81.57010429,Yes
196,115,f200b28f-44cc-429a-ab34-cd6910d4f8b2,2024-01-24T20:26:03.000Z,2024-01-24T20:28:44.000Z,US-23 / Columbus Pike,US-23 / OH-750 Powell Rd,Southbound,3,0,0.888,3.46,40.20601,-83.03074,40.15740053510529,-83.01855766,Yes
197,146,f35c4b2b-5355-4f67-9505-da7d99cbe803,2024-01-24T13:05:53.000Z,2024-01-24T14:11:40.000Z,"I-270  Exits 30,33 / OH-161  Exits 40,41,42 / OH-161 Dublin Granville Rd Exits 40A,40B",I-270,Southbound,66,0,0.751,3.07,40.07745,-82.90789,40.03399605,-82.90348718,Yes
198,141,7f2213fd-fd52-48bb-ac68-fef0d13ad3bb,2024-01-24T21:03:52.000Z,2024-01-24T22:31:39.000Z,"I-270  Exits 52,52A,52B / US-23 High St Exit 83 / US-23  Exits 83A,83B",US-23 High St,Southbound,88,0,0.224,2.86,39.87086,-83.00529,39.830378320989134,-83.0006921,Yes
199,22,95811070-4f4a-4a6d-8f2b-f28fbbf8093b,2024-01-24T21:42:57.000Z,2024-01-24T22:46:46.000Z,I-70  Exit 98A / US-62 Central Ave,I-70  Exit 95 / Hague Ave,Westbound,64,0.078,0.108,2.41,39.94999129530122,-83.03910103,39.97127038,-83.07335115,Yes
200,37,c14f3d1c-8126-4042-a6dd-7c09de315c85,2024-01-24T22:18:45.000Z,2024-01-24T22:22:51.000Z,OH-315  Exit 4 / Lane Ave,"I-670  Exits 2A,2B,3 / OH-315  Exits 1C,1D,1E,1F,2 / Goodale St",Southbound,4,0.209,0.62,1.72,40.00735856964463,-83.03114735,39.98438846049858,-83.02217,No
201,78,2bd3e0f3-12da-4d66-bef3-caff6de7ef82,2024-01-24T22:02:06.000Z,2024-01-24T22:50:04.000Z,I-76  Exit 26 / OH-526 Mogadore Rd / OH-18 Market St,I-76  Exit 29 / OH-532 Southeast Ave / Southeast Ave,Eastbound,48,0,0.883,2.45,41.06071,-81.45979,41.0709736,-81.41710229,Yes
202,33,bbc45ecf-1b2f-4da9-ad79-bc93b186f9c5,2024-01-24T15:32:16.000Z,2024-01-24T15:34:51.000Z,CR-143 Sharrott Rd,Glenwood Ave,Northbound,3,0.933,0.59,2.68,40.98658169174173,-80.66920971,41.02507001036101,-80.67229,Yes
203,31,c0747bcf-0346-41cd-82cb-5861b679382b,2024-01-25T01:01:35.000Z,2024-01-25T01:02:55.000Z,"I-75  Exits 3,4 / I-74 / US-52 Hopple St","I-75  Exits 2,2B / Winchell Ave / Western Hills Viad",Southbound,1,0.391,0.256,0.87,39.14181,-84.53526,39.12958756171544,-84.53348376,No
204,129,c13ec715-2fe6-4fa2-ac8b-c4c75034a6e6,2024-01-24T18:40:55.000Z,2024-01-24T19:02:48.000Z,I-71,"I-71  Exits 119,119A,119B / I-270  Exit 26",Southbound,22,0.836,0.232,2.75,40.17046161311127,-82.96049987,40.13278003673008,-82.97180154,Yes
205,29,d9ef1257-c006-4875-af0a-eee214bfd096,2024-01-24T13:31:08.000Z,2024-01-24T13:33:44.000Z,I-275,I-275,Northbound,3,1.137,0.362,1.09,39.178932513970985,-84.26621077,39.19633000028538,-84.26258,Yes
206,112,5322c3bb-3594-46cf-bae4-13c8ed23cf30,2024-01-24T14:13:16.000Z,2024-01-24T14:21:04.000Z,I-90 / Clark Ave,I-90 / I-90 / I-490,Eastbound,8,0.457,0.138,1.36,41.47301001340706,-81.72698997,41.47394001156608,-81.70155898,No
207,29,18da1267-c250-4ca8-a63a-a64eda13f117,2024-01-24T13:51:44.000Z,2024-01-24T13:52:59.000Z,I-275,I-275,Northbound,1,0.362,0.435,3.05,39.19633000028538,-84.26258,39.231919868663454,-84.28931906,No
208,110,4cdb6bb7-32dd-4c1b-9109-f823a189b07c,2024-01-24T10:43:51.000Z,2024-01-24T11:01:53.000Z,Rock Rd / Cal Miller Ln,Rock Rd / CR-150 Rock Rd / Walker Lake Rd,Northbound,18,0.94,0,2.2,40.76095690875466,-82.63289532,40.79269,-82.62882,Yes
209,68,2ea0f910-bd67-46ca-9312-d3c0250429b2,2024-01-24T19:34:56.000Z,2024-01-24T19:49:31.000Z,I-70,I-70,Westbound,15,0.746,0.492,2.05,39.94406062772299,-82.57496594,39.94570207725886,-82.61244091,Yes
210,12,e2987ac8-8090-4c98-93ad-e8c02183c8a5,2024-01-24T22:37:54.000Z,2024-01-24T22:44:45.000Z,I-275  Exit 44 / Mosteller Rd,"I-71  Exits 17,17A,17B / I-275  Exits 49,49A,49B",Northbound,7,0.341,0.391,2.65,39.28461726333112,-84.41580118,39.28524903890097,-84.37051757,No
211,61,e2b8495c-e414-40e4-b960-adff19906101,2024-01-24T12:54:46.000Z,2024-01-24T13:00:49.000Z,I-275  Exit 44 / Mosteller Rd,I-275  Exit 47 / Reed Hartman Hwy,Northbound,6,0.109,0,2.03,39.28642787502373,-84.42724366,39.29005617379893,-84.39119576,Yes
212,61,f3f1b104-9fa0-4717-8e28-2e6408789f59,2024-01-24T22:15:51.000Z,2024-01-24T22:30:41.000Z,I-275  Exit 44 / Mosteller Rd,I-275  Exit 47 / Reed Hartman Hwy,Northbound,15,0.109,0.169,2.2,39.28642787502373,-84.42724366,39.29054980836282,-84.38800838,No
213,68,c8e2e948-5975-4974-9048-92469b8a35c3,2024-01-24T18:51:45.000Z,2024-01-24T18:53:06.000Z,I-70  Exit 32 / Dayton Intl Airport Access Rd,I-70,Westbound,1,1.043,0.163,2.12,39.86142921574563,-84.26919327,39.85520689908772,-84.30824724,Yes
214,17,00e7a452-d32e-496c-b76c-1cec6f7bc728,2024-01-24T19:47:38.000Z,2024-01-24T22:29:48.000Z,I-70 / Sullivant Ave,I-70  Exit 100B / US-23 Brewer St / US-23 Livingston Ave,Eastbound,162,0.047,0.483,1.72,39.94765982903724,-83.03482846,39.953319991621726,-83.00362982,Yes
215,55,51306afb-01f4-4bdd-aaa9-1fb42ca46f05,2024-01-24T21:23:12.000Z,2024-01-24T21:30:47.000Z,"I-270  Exits 22,23 / OH-315  Exits 12A,12B / US-23 High St",I-270  Exit 20 / CR-70 Sawmill Rd / Sawmill Rd,Northbound,8,0.334,0.962,2.41,40.11226,-83.03244184,40.10993053812637,-83.07577332,Yes
216,18,5a88f79a-b0a3-4bff-8fd0-16491825de68,2024-01-25T01:47:01.000Z,2024-01-25T01:55:00.000Z,OH-7 / Rist Ln,OH-7 / Havely Run Rd,Southbound,8,0.869,0,2.29,39.64605376196901,-80.87139156,39.62211083264254,-80.89402895,Yes
217,52,c10c3a15-c9bd-4730-994a-8a62b9ebd8ac,2024-01-24T12:34:51.000Z,2024-01-24T12:37:53.000Z,I-275,I-275  Exit 52 / Loveland Madeira Rd,Northbound,3,0,0,3.14,39.20746348,-84.26318864,39.24164341300687,-84.29979312,No
218,151,d0dbacab-024f-4fbc-ae44-2a678b5f40e9,2024-01-24T20:31:12.000Z,2024-01-24T20:39:17.000Z,I-90,I-90  Exit 145 / OH-57 Lorain Blvd,Westbound,8,0.621,0.126,2.77,41.44013245978498,-82.07813178,41.40781258251798,-82.10251468,Yes
219,106,048229c2-1ed9-472c-b72a-203ebd7008f7,2024-01-24T22:43:45.000Z,2024-01-24T22:51:56.000Z,I-270,I-270,Northbound,8,0.243,0.072,1.55,39.917489630880425,-82.88044051,39.90100608235256,-82.89960392,Yes
220,49,fd6590f2-4df7-4996-b53e-c5eccb7c5b0b,2024-01-24T22:41:47.000Z,2024-01-24T22:45:55.000Z,I-75,I-75,Northbound,4,1.124,0.289,1.73,39.31159,-84.43367,39.33099641439414,-84.41446721,Yes
221,106,6a59da6e-e8a6-432e-9670-7d091cac9a04,2024-01-24T22:11:04.000Z,2024-01-24T22:37:08.000Z,I-270,I-270,Northbound,26,0.243,0.072,1.55,39.917489630880425,-82.88044051,39.90100608235256,-82.89960392,Yes
222,150,f4e39cc4-9d92-46f9-938d-af4612cb5a4f,2024-01-24T13:23:51.000Z,2024-01-24T13:27:33.000Z,Cincinnati Dayton Rd,Cincinnati Dayton Rd,Southbound,4,0,0.32,2.42,39.38523,-84.37316,39.356989980704505,-84.39506,Yes
223,68,3cadc86e-547b-47a7-83fc-8a62b4a6dd7c,2024-01-24T12:34:11.000Z,2024-01-24T13:09:11.000Z,I-70  Exit 118 / OH-310 Hazelton Etna Rd,I-70,Westbound,35,0.158,0.151,2.58,39.94878889658143,-82.68149208,39.95132,-82.73008025,Yes
224,29,2ffb47e8-a21e-4452-946e-56e0f762c511,2024-01-24T14:06:05.000Z,2024-01-24T14:09:24.000Z,I-275,I-275,Northbound,3,0.771,0.435,1.51,39.21666371764198,-84.26912432,39.231919868663454,-84.28931906,Yes
225,3,90e844d1-d447-4c23-a7fa-46d75f928795,2024-01-24T13:25:05.000Z,2024-01-24T13:38:47.000Z,"I-75  Exits 1C,1D,1F / I-71  Exit 1B / US-50 6th St Expy","I-75  Exits 2,2B / Winchell Ave / Western Hills Viad",Northbound,14,0.113,0.728,1.03,39.10799022706464,-84.53143005,39.12161559553768,-84.53539754,Yes
226,11,4dbdd82e-01c1-45b7-82cd-ffd8d68665b0,2024-01-24T13:04:44.000Z,2024-01-24T13:05:53.000Z,US-23 High St,"I-270  Exits 22,23 / OH-315  Exits 12A,12B / US-23 High St",Southbound,1,0.198,0.281,1.87,40.138316787506206,-83.01713523,40.11088998640985,-83.01665,Yes
227,137,27ed3471-2bb6-4be9-a526-27d2eca86534,2024-01-24T23:22:50.000Z,2024-01-24T23:23:58.000Z,OH-315  Exit 10 / OH-161 Dublin Granville Rd / OH-161 Granville Rd,OH-315 / Hard Rd,Northbound,1,0.05,0,1.34,40.09251211464182,-83.03697053,40.11160603814047,-83.03520895,No
228,17,e8571d98-2125-4aae-ac83-4c86f5a09cd0,2024-01-24T14:11:40.000Z,2024-01-24T14:34:47.000Z,I-70  Exit 98B / Mound St,I-70  Exit 100B / US-23 Brewer St / US-23 Livingston Ave,Eastbound,23,0.175,0.434,1.05,39.94960870339001,-83.02399324,39.95336,-83.00505447,Yes
229,15,4496a432-bb90-4c14-885b-302787546f5d,2024-01-24T13:59:48.000Z,2024-01-24T14:09:46.000Z,OH-16 Broad St / Cabot's Mill Dr,OH-16 Broad St / CR-208 Taylor Station Rd / Sister Carlotta Hart Ln,Westbound,10,0.77,0.896,2.2,39.984019697260514,-82.80228333,39.979407135136654,-82.84297149,Yes
230,15,3be7a0ce-0f9a-4528-a400-ae3ab5c45f84,2024-01-24T12:27:49.000Z,2024-01-24T13:09:37.000Z,OH-16 Broad St / Reynolds Crossing Dr / Bannockburn Blvd,OH-16 Broad St / CR-208 Taylor Station Rd / Sister Carlotta Hart Ln,Westbound,42,1.028,0.864,1.91,39.98345,-82.80733,39.97949648813864,-82.84234458,Yes
231,136,e1248225-4428-47c9-b804-537544475c2f,2024-01-24T13:04:44.000Z,2024-01-24T13:05:53.000Z,OH-161 Granville Rd,OH-161 Dublin Granville Rd / Alrojo St,Westbound,1,0.901,0.141,1.28,40.08874064142084,-83.01492764,40.089481711341726,-83.03925872,Yes
232,17,cac0da45-25d9-4143-8549-9817b68e652e,2024-01-24T22:55:50.000Z,2024-01-24T23:22:50.000Z,I-70  Exit 98B / Mound St,I-70  Exit 100B / US-23 Brewer St / US-23 Livingston Ave,Eastbound,27,0,0.219,1.01,39.94907,-83.02663,39.95307002464974,-83.00858975,Yes
233,24,8b367359-d658-4765-b6d5-c179a80c1828,2024-01-24T12:52:48.000Z,2024-01-24T13:56:10.000Z,US-50 Columbia Pkwy / Phyllis Le,US-50 Columbia Pkwy / William Howard Taft Rd / Torrence Pkwy,Westbound,63,0.274,0.057,1.9,39.1121076,-84.43381484,39.12520995675456,-84.46381128,Yes
234,22,f8ba205d-de29-42ab-844d-d9407100de64,2024-01-24T22:52:46.000Z,2024-01-24T23:04:52.000Z,I-70  Exit 97 / US-40 Broad St,I-70  Exit 95 / Hague Ave,Westbound,12,0.271,0.368,2.09,39.95697560836397,-83.04475647,39.9726201,-83.07795044,Yes
235,147,73ef9a28-602f-40ae-a121-75347dc81728,2024-01-25T04:18:08.000Z,2024-01-25T04:31:56.000Z,OH-32 / Eastwood Rd,OH-32,Eastbound,14,0.068,0.155,2.36,39.05553923343595,-83.98075674,39.04590043914487,-83.93896542,Yes
236,84,c842d4e1-4e63-4886-81e6-6b73e6987c6b,2024-01-24T14:11:40.000Z,2024-01-24T16:13:47.000Z,I-71,I-71  Exit 121 / Polaris Pkwy / OH-750,Southbound,122,0,0.818,1.98,40.18022393,-82.95113717,40.15616405568365,-82.96960708,Yes
237,51,34b100e9-3259-4172-900a-e42e3bd8cc7f,2024-01-24T08:56:45.000Z,2024-01-24T09:00:37.000Z,OH-108 / OH-613,OH-108 / OH-15 / Road 14,Southbound,4,0.275,0.077,1.95,41.092038724617325,-84.13128943,41.0634,-84.13087,Yes
238,106,208f1840-e29e-478b-95a7-028f46970d64,2024-01-24T05:40:53.000Z,2024-01-24T05:44:55.000Z,I-270  Exit 2 / US-62 Broadway / US-62 Harrisburg Pike,I-270,Northbound,4,0.357,0.319,0.61,39.9037,-83.0755,39.90175133834432,-83.06529117,Yes
239,77,011905e7-703b-4546-9d69-a34b075f5221,2024-01-24T14:01:08.000Z,2024-01-24T14:09:16.000Z,"I-480  Exit 20A-B / I-77  Exits 155,156 / Rockside Rd",I-77  Exit 158 / Grant Ave,Northbound,8,0.16,0.624,1.87,41.40536041046148,-81.64788627,41.43108879350793,-81.64771395,Yes
240,90,8afbe4c3-762d-4021-bba5-a61fc6aed318,2024-01-24T23:35:53.000Z,2024-01-24T23:36:59.000Z,OH-823  Exit 16 / US-23,OH-823,Southbound,1,0,0.311,2.53,38.89198,-82.99436,38.89093386590634,-82.9526842,No
241,71,36bafdc6-59fc-4ce5-841c-a0165b2a7160,2024-01-24T14:06:32.000Z,2024-01-24T14:09:24.000Z,I-70  Exit 94 / Wilson Rd / Interchange Rd,I-70 / I-670,Eastbound,3,0.177,0.568,1.68,39.974297830365416,-83.09651208,39.96843,-83.06556,Yes
242,94,a8e7d534-1f6a-4f8d-a5ab-e06fe392e63e,2024-01-24T13:39:42.000Z,2024-01-24T14:00:49.000Z,OH-161 Dublin Granville Rd,OH-161 Dublin Granville Rd,Westbound,21,0.117,0.877,2.8,40.08819003936806,-83.00066051,40.09027,-83.05339097,Yes
243,68,6719f55c-55f0-4b08-82c2-b7d1e6c9e827,2024-01-24T12:34:11.000Z,2024-01-24T12:34:51.000Z,I-70,I-70,Westbound,1,0.443,0.057,1.37,39.938219464237726,-82.77143706,39.932149842111386,-82.79608065,Yes
244,59,c0eac881-9611-460d-bcd1-bd7f827b0b56,2024-01-25T02:31:08.000Z,2024-01-25T02:33:07.000Z,"I-70  Exits 154,155 / OH-146 Underwood St / Elberon Ave",I-70,Eastbound,2,0.128,0.185,1.61,39.94459,-82.0036194,39.94833976100072,-81.97539027,Yes
245,100,d0e66338-fa31-4318-9cbd-83b8470d6a03,2024-01-24T22:56:51.000Z,2024-01-24T23:05:47.000Z,I-70  Exit 101B / Mound St,I-70 / Mound St / 2nd St,Southbound,9,0.405,0.265,0.94,39.954739949880455,-82.98608017,39.95348001660563,-83.00353039,Yes
246,55,b4f78a96-46a1-415c-90d6-7b33ac5f7747,2024-01-24T22:42:50.000Z,2024-01-24T22:44:45.000Z,"I-270  Exits 17A,17B / OH-161  Exit 108",I-270  Exit 20 / CR-70 Sawmill Rd / Sawmill Rd,Northbound,2,0.188,1.185,1.66,40.10169298038063,-83.13163819,40.109399965792136,-83.102379,No
247,54,dc56d90a-5e54-46a5-8820-7a3285811dca,2024-01-24T11:50:59.000Z,2024-01-24T12:46:04.000Z,US-33  Exit 143 / Miller Farm Run / Columbus Lancaster Rd,US-33 / CR-20 Pickerington Rd,Westbound,55,0.395,0.09,2.21,39.81487466860754,-82.71545033,39.83449004149502,-82.74427017,Yes
248,65,98d23bcd-e9af-48ba-ab57-a9f85b382bdc,2024-01-24T13:36:59.000Z,2024-01-24T14:29:59.000Z,I-75  Exit 56 / Stanley Ave,I-75  Exit 58 / Needmore Rd,Northbound,53,0.308,1.086,1.51,39.794700129129865,-84.18796009,39.81585730609317,-84.18899021,Yes
249,47,e46d7c35-314c-4d03-ac61-fb9e8dfecb04,2024-01-24T22:11:30.000Z,2024-01-24T22:38:35.000Z,I-475,US-23,Northbound,27,0.821,0.049,1.82,41.53279010042594,-83.65814311,41.54828073525729,-83.68377027,Yes
250,45,7f0a18f5-0ebf-462c-9bb2-3e2277d53cc0,2024-01-24T22:35:47.000Z,2024-01-24T22:39:46.000Z,I-71  Exit 12 / US-22 Montgomery Rd,I-71  Exit 15 / Pfeiffer Rd,Northbound,4,0.466,0.524,1.46,39.21012286639741,-84.37065422,39.231456997664345,-84.36682787,Yes
251,45,98c6a4ce-a99e-4f70-97f6-21099efe5c4c,2024-01-24T22:09:44.000Z,2024-01-24T22:11:52.000Z,I-71  Exit 12 / US-22 Montgomery Rd,I-71  Exit 15 / Pfeiffer Rd,Northbound,2,0.175,0.824,2.05,39.20737060950327,-84.37131984,39.23611200618339,-84.36679677,Yes
252,42,91112c44-feb8-4500-a1ed-f4e93cf96a52,2024-01-24T21:03:00.000Z,2024-01-24T21:26:53.000Z,I-70  Exit 97 / US-40 Broad St,I-70 / I-670,Westbound,24,0.402,0,1.6,39.95855006717183,-83.04650008,39.97034395362514,-83.0704635,Yes
253,119,7327134b-dd78-45d4-941b-b69e9faaaab3,2024-01-24T22:18:45.000Z,2024-01-24T22:42:50.000Z,US-52,US-52 / CR-410,Southbound,24,0.154,0,1.92,38.410701333097066,-82.55575273,38.41365729227975,-82.52319489,Yes
254,130,5ea9cca9-42be-45a5-a5b0-4aab28414985,2024-01-24T22:16:47.000Z,2024-01-24T22:21:42.000Z,US-40 Main St,US-40 Main St,Eastbound,5,0.158,0.809,1.61,39.954938599743706,-82.85895119,39.95483,-82.82818996,Yes
255,34,3a2f8af1-6a84-415a-b1b6-6066291f5aad,2024-01-24T14:58:56.000Z,2024-01-24T15:22:07.000Z,I-71,"I-71  Exits 17,17A,17B / I-275  Exits 49,49A,49B",Southbound,23,0.892,0.644,1.84,39.301739871761214,-84.30510017,39.28399915549964,-84.32855507,Yes
256,48,655b5e1f-94a1-431f-8d39-f5535cd81a1b,2024-01-24T16:00:03.000Z,2024-01-24T16:01:20.000Z,I-77  Exit 118 / OH-241 Massillon Rd,I-77  Exit 120 / CR-15 Arlington Rd / Chenoweth Rd,Northbound,1,0.505,1.283,1.28,40.96735,-81.46907,40.98076831400165,-81.48520999,Yes
257,39,2eb3f5e1-aa6a-4d69-895c-f03342e7d9b6,2024-01-24T13:52:59.000Z,2024-01-24T13:58:01.000Z,"I-270  Exits 30,33 / OH-161  Exits 40,41,42 / OH-161 Dublin Granville Rd Exits 40A,40B",I-270  Exit 33 / Easton Way,Southbound,5,0,0.867,1.89,40.07745,-82.90789,40.05088139943604,-82.90271974,No
258,28,a8b39807-9277-4f94-9014-8b132f678a4f,2024-01-24T12:48:40.000Z,2024-01-24T12:51:09.000Z,I-75  Exit 19 / Union Centre Blvd,I-75,Southbound,2,0.098,1.002,1.9,39.32490938626678,-84.4217433,39.30188562064209,-84.43944495,Yes
259,139,d49388c6-6447-4004-bc80-4f8d8dfd9db8,2024-01-24T13:00:05.000Z,2024-01-24T13:38:47.000Z,US-62 Mill St / US-62 Johnstown Rd / Andalus Dr,"I-270  Exits 35,35A,35B / I-670  Exits 10A-B,10C,10D / US-62",Southbound,39,0.74,0.611,1.17,40.02705097178914,-82.87683507,40.01847980670437,-82.89088445,Yes
260,93,bb6d3ea9-8489-4e87-bb03-a2ff37e75624,2024-01-24T19:33:03.000Z,2024-01-24T19:35:08.000Z,I-80,I-80,Eastbound,2,1.012,0.841,0.84,41.25293267,-81.40835143,41.25412882666485,-81.39344568,Yes
261,157,86ea67ed-4110-4963-ade5-7cffa23345e2,2024-01-24T21:16:51.000Z,2024-01-24T21:21:13.000Z,US-40 Main St,"I-70  Exits 108,108A-B / I-270  Exits 41-43,43A-B-41 / US-40 Main St",Eastbound,4,0.956,0.615,0.67,39.95505976885326,-82.86306029,39.95471645,-82.85118657,No
262,13,accc8f3e-84ef-408f-a325-5a24eb007e03,2024-01-24T08:41:50.000Z,2024-01-24T08:49:44.000Z,OH-108 / County Road F,OH-108 / County Road C2,Southbound,8,0,0.916,2,41.23417675,-84.13241469,41.20640862853579,-84.1321585,Yes
263,63,5488b7a1-991a-45d0-b9a1-abe5e77da918,2024-01-24T18:14:06.000Z,2024-01-24T18:16:17.000Z,I-71  Exit 131 / OH-37,I-71,Southbound,2,0.21,0.462,1.39,40.25916914219856,-82.92826509,40.240373899483465,-82.92870309,No
264,48,79a9f128-782c-455d-8083-1d5c821dc97d,2024-01-24T12:54:09.000Z,2024-01-24T13:32:11.000Z,I-77  Exit 118 / OH-241 Massillon Rd,I-77  Exit 120 / CR-15 Arlington Rd / Chenoweth Rd,Northbound,38,0.371,1.504,1.64,40.96588018704011,-81.46739021,40.98302294225641,-81.48791547,Yes
265,59,e4196da0-0da7-4792-9e81-837e211a6d89,2024-01-24T23:29:07.000Z,2024-01-24T23:32:07.000Z,"I-70  Exits 154,155 / OH-146 Underwood St / Elberon Ave",I-70,Eastbound,3,0.182,0,0.87,39.94356,-81.99329994,39.94797013073483,-81.97825901,Yes
266,29,3f8a6f76-b312-46b1-b658-567fc2c4f19b,2024-01-24T12:54:46.000Z,2024-01-24T13:00:49.000Z,I-275,I-275,Northbound,6,0.474,0.474,1.11,39.161557738237896,-84.8112353,39.17505598005644,-84.80086721,Yes
267,134,bfcdc696-90c2-4188-99ff-7b5ca2e07afc,2024-01-25T02:21:05.000Z,2024-01-25T02:24:58.000Z,"I-70  Exits 154,155 / OH-146 Underwood St / Elberon Ave",I-70  Exit 157 / OH-93 Pleasant Grove Rd,Eastbound,4,0,0.338,1.39,39.94413,-81.99665,39.94870783,-81.97261735,Yes
