BottleneckSummaryIndex,CorridorName,RoadName,RoadFrc,RoadDirection,ToIntersectionName,AvgDurationMinutes,AvgMaxLengthMiles,NumOccurrences,ImpactFactor
1,I-275 SmartLane Phase 2 WB,I-275,1,N,I-275  Exit 41 / OH-4 Springfield Pike,4,15.6,1,108
2,I-275 SmartLane Phase 2 WB,I-275,1,N,I-275  Exit 47 / Reed Hartman Hwy,20,7.27,16,3765
3,I-275 SmartLane Phase 2 WB,I-275,1,N,"I-75  Exits 16,16A,16B / I-275  Exits 43A,43B",8,17.39,1,226
4,I-275 SmartLane Phase 2 WB,I-275,1,N,I-275,23,6.55,34,8266
5,I-275 SmartLane Phase 2 WB,I-275,1,N,I-275  Exit 44 / Mosteller Rd,47,24.04,2,3647
6,I-275 SmartLane Phase 2 WB,I-275,1,N,I-275  Exit 50 / US-22 Montgomery Rd / Hetz Dr,23,5.01,14,2577
7,I-275 SmartLane Phase 2 WB,I-275,1,N,"I-71  Exits 17,17A,17B / I-275  Exits 49,49A,49B",24,5.4,2,416
8,I-275 SmartLane Phase 2 WB,I-275,1,N,I-275  Exit 52 / Loveland Madeira Rd,11,5.2,11,973
