BottleneckSummaryIndex,CorridorName,RoadName,RoadFrc,RoadDirection,ToIntersectionName,AvgDurationMinutes,AvgMaxLengthMiles,NumOccurrences,ImpactFactor
1,I-275 SmartLane Phase 2 WB,I-275,1,N,I-275  Exit 47 / Reed Hartman Hwy,35,9.57,164,88239
2,I-275 SmartLane Phase 2 WB,I-275,1,N,I-275,17,3.88,944,98695
3,I-275 SmartLane Phase 2 WB,I-275,1,N,I-275  Exit 50 / US-22 Montgomery Rd / Hetz Dr,36,5.41,282,89213
4,I-275 SmartLane Phase 2 WB,I-275,1,N,I-275  Exit 52 / Loveland Madeira Rd,17,4.41,214,25461
5,I-275 SmartLane Phase 2 WB,I-275,1,N,I-275  Exit 54 / Wards Corner Rd,15,3.35,42,3362
6,I-275 SmartLane Phase 2 WB,I-275,1,N,"I-71  Exits 17,17A,17B / I-275  Exits 49,49A,49B",36,8.09,85,39746
7,I-275 SmartLane Phase 2 WB,I-275,1,N,I-275  Exit 46 / US-42 Lebanon Rd,38,15.98,20,19714
8,I-275 SmartLane Phase 2 WB,I-275,1,N,I-275  Exit 44 / Mosteller Rd,29,8.85,9,3705
9,I-275 SmartLane Phase 2 WB,I-275,1,N,I-275  Exit 7 / OH-128 Hamilton Cleves Rd,35,64.84,1,3631
10,I-275 SmartLane Phase 2 WB,I-275,1,N,I-275  Exit 39 / Winton Rd / Gilmore Rd,52,18.37,1,1540
11,I-275 SmartLane Phase 2 WB,I-275,1,N,I-275  Exit 57 / OH-28,65,9.61,1,1011
12,I-275 SmartLane Phase 2 WB,I-275,1,N,"I-75  Exits 16,16A,16B / I-275  Exits 43A,43B",21,12.81,3,1294
13,I-275 SmartLane Phase 2 WB,I-275,1,N,I-275  Exit 33 / US-27 Colerain Ave,28,24.05,2,2145
14,I-275 SmartLane Phase 2 WB,I-275,1,N,"I-275  Exits 42,42A,42B / OH-747 Princeton Pike",2,10.24,2,69
15,I-275 SmartLane Phase 2 WB,I-275,1,N,I-275  Exit 36 / US-127 Hamilton Ave / Houston Rd,15,17.11,1,413
16,I-275 SmartLane Phase 2 WB,I-275,1,E,I-275  Exit 50 / US-22 Montgomery Rd / Hetz Dr,29,5.56,38,9904
17,I-275 SmartLane Phase 2 WB,I-275,1,E,I-275,21,3.45,56,6519
18,I-275 SmartLane Phase 2 WB,I-275,1,E,"I-71  Exits 17,17A,17B / I-275  Exits 49,49A,49B",25,7.2,9,2572
19,I-275 SmartLane Phase 2 WB,I-275,1,E,I-275  Exit 52 / Loveland Madeira Rd,35,4.34,25,6156
20,I-275 SmartLane Phase 2 WB,I-275,1,E,I-275  Exit 47 / Reed Hartman Hwy,45,9.34,24,16101
21,I-275 SmartLane Phase 2 WB,I-275,1,E,I-275  Exit 57 / OH-28,56,3.64,1,328
22,I-275 SmartLane Phase 2 WB,I-275 E / I-275 W / I-275 N,1,E,"I-71  Exits 17,17A,17B / I-275  Exits 49,49A,49B",40,6.78,25,10977
23,I-275 SmartLane Phase 2 WB,I-275,1,E,I-275  Exit 54 / Wards Corner Rd,22,3.25,9,1054
24,I-275 SmartLane Phase 2 WB,I-275,1,E,I-275  Exit 46 / US-42 Lebanon Rd,27,10.04,1,438
25,I-275 SmartLane Phase 2 WB,I-275 E / I-275 W / I-275 N,1,E,I-275  Exit 54 / Wards Corner Rd,17,3.43,27,2590
26,I-275 SmartLane Phase 2 WB,I-275 E / I-275 W / I-275 N,1,E,I-275,28,5.53,334,82318
27,I-275 SmartLane Phase 2 WB,I-275 E / I-275 W / I-275 N,1,E,I-275  Exit 50 / US-22 Montgomery Rd / Hetz Dr,38,6.19,46,17472
28,I-275 SmartLane Phase 2 WB,I-275 E / I-275 W / I-275 N,1,E,I-275  Exit 44 / Mosteller Rd,13,10.04,6,1258
29,I-275 SmartLane Phase 2 WB,I-275 E / I-275 W / I-275 N,1,E,I-275  Exit 46 / US-42 Lebanon Rd,19,10.49,4,1267
30,I-275 SmartLane Phase 2 WB,I-275 E / I-275 W / I-275 N,1,E,I-275  Exit 52 / Loveland Madeira Rd,26,4.62,47,9238
31,I-275 SmartLane Phase 2 WB,I-275 E / I-275 W / I-275 N,1,E,I-275  Exit 47 / Reed Hartman Hwy / Kemper Reed Hartman Connector,56,7.66,5,3483
32,I-275 SmartLane Phase 2 WB,I-275 E / I-275 W / I-275 N,1,E,"I-275  Exits 9,28 / I-74  Exit 9",12,29.67,2,1130
33,I-275 SmartLane Phase 2 WB,I-275 E / I-275 W / I-275 N,1,E,"I-275  Exits 43A,43B / I-75  Exit 16",21,14.59,2,1007
34,I-275 SmartLane Phase 2 WB,I-275 E / I-275 W / I-275 N,1,E,I-275  Exit 31 / Blue Rock Rd,8,22.1,1,283
35,I-275 SmartLane Phase 2 WB,I-275 E / I-275 W / I-275 N,1,E,I-275  Exit 57 / OH-28,10,1.89,1,31
36,I-275 SmartLane Phase 2 WB,I-275 E / I-275 W / I-275 N,1,E,I-275  Exit 39 / Winton Rd,22,21.4,1,761
