BottleneckSummaryIndex,Id,StartDateUTC,EndDateUTC,FromIntersectionName,ToIntersectionName,Direction,MaxDurationMinutes,StartSegmentOffsetMiles,EndSegmentOffsetMiles,MaxLengthMiles,FromPointLat,FromPointLon,ToPointLat,ToPointLon,StartDateET,EndDateET,StartHourET,StartMinuteET,EndHourET,EndMinuteET,TotalImpactFactor,0,1,2,3,4,5,6,7,8,9,10,11,12,13,14,15,16,17,18,19,20,21,22,23
1,2826d1a4-1c5e-4a90-b650-2654ab7e9448,2024-04-08 17:38:26,2024-04-08 17:39:32,I-275  Exit 47 / Reed Hartman Hwy,I-275  Exit 44 / Mosteller Rd,Northbound,1,0.079,0.616,1.33,39.28941965607714,-84.37704110580057,39.2879057182514,-84.40085673774456,2024-04-08 13:38:26-04:00,2024-04-08 13:39:32-04:00,13,38,13,39,1.33,0,0.0,0.0,0,0,0.0,0.0,0.0,0.0,0.0,0,0.0,0.0,1.33,0,0.0,0.0,0.0,0.0,0.0,0.0,0,0,0
1,af1e9a70-abd8-43e4-93ed-e521c9510b0e,2024-04-30 12:14:09,2024-04-30 13:37:01,"I-275  Exits 59A,59B / Milford Pkwy",I-275  Exit 44 / Mosteller Rd,Northbound,83,0.149,0.282,13.22,39.16685122296624,-84.26758006436664,39.28572855658463,-84.40988482578449,2024-04-30 08:14:09-04:00,2024-04-30 09:37:01-04:00,8,14,9,37,1097.26,0,0.0,0.0,0,0,0.0,0.0,0.0,608.12,489.14,0,0.0,0.0,0.0,0,0.0,0.0,0.0,0.0,0.0,0.0,0,0,0
1,b83f1a44-95ca-4cec-ab8a-e872d358a70d,2024-04-30 12:20:11,2024-04-30 12:25:11,I-275  Exit 47 / Reed Hartman Hwy,I-275  Exit 44 / Mosteller Rd,Northbound,5,0.0,0.282,1.89,39.28896,-84.37595,39.28572855658463,-84.40988482578449,2024-04-30 08:20:11-04:00,2024-04-30 08:25:11-04:00,8,20,8,25,9.45,0,0.0,0.0,0,0,0.0,0.0,0.0,9.45,0.0,0,0.0,0.0,0.0,0,0.0,0.0,0.0,0.0,0.0,0.0,0,0,0
2,07de421a-01a7-4bba-861e-8407a23aa87e,2024-03-05 21:42:24,2024-03-05 21:45:30,I-275,"I-71  Exits 17,17A,17B / I-275  Exits 49,49A,49B",Northbound,3,0.278,0.239,1.46,39.25316324675046,-84.32565985209322,39.26678195865044,-84.34520371210907,2024-03-05 16:42:24-05:00,2024-03-05 16:45:30-05:00,16,42,16,45,4.38,0,0.0,0.0,0,0,0.0,0.0,0.0,0.0,0.0,0,0.0,0.0,0.0,0,0.0,4.38,0.0,0.0,0.0,0.0,0,0,0
2,bd429bef-5e59-40fc-b1a3-cd5b3e336c88,2024-03-12 11:43:28,2024-03-12 11:47:32,I-275,"I-71  Exits 17,17A,17B / I-275  Exits 49,49A,49B",Northbound,4,0.81,0.127,1.9,39.25181516261088,-84.31481991000229,39.26597392804304,-84.34411413549991,2024-03-12 07:43:28-04:00,2024-03-12 07:47:32-04:00,7,43,7,47,7.6,0,0.0,0.0,0,0,0.0,0.0,7.6,0.0,0.0,0,0.0,0.0,0.0,0,0.0,0.0,0.0,0.0,0.0,0.0,0,0,0
2,6be4fa61-374c-4638-a463-47157814d417,2024-03-05 21:59:25,2024-03-05 22:13:29,I-275,"I-71  Exits 17,17A,17B / I-275  Exits 49,49A,49B",Northbound,14,0.278,0.239,1.46,39.25316324675046,-84.32565985209322,39.26678195865044,-84.34520371210907,2024-03-05 16:59:25-05:00,2024-03-05 17:13:29-05:00,16,59,17,13,20.439999999999998,0,0.0,0.0,0,0,0.0,0.0,0.0,0.0,0.0,0,0.0,0.0,0.0,0,0.0,1.4599999999999997,18.979999999999997,0.0,0.0,0.0,0,0,0
3,c4903921-9573-4543-b3ad-f9e543e36d5d,2024-03-12 12:25:31,2024-03-12 12:33:30,I-275,I-275  Exit 50 / US-22 Montgomery Rd / Hetz Dr,Northbound,8,1.079,1.088,3.48,39.22101405694846,-84.27288945481524,39.25225235788488,-84.31896379788493,2024-03-12 08:25:31-04:00,2024-03-12 08:33:30-04:00,8,25,8,33,27.84,0,0.0,0.0,0,0,0.0,0.0,0.0,27.84,0.0,0,0.0,0.0,0.0,0,0.0,0.0,0.0,0.0,0.0,0.0,0,0,0
3,564291f6-6836-4a87-8441-aa58f5bd50df,2024-03-12 11:34:29,2024-03-12 12:13:34,I-275,I-275  Exit 50 / US-22 Montgomery Rd / Hetz Dr,Northbound,39,0.516,0.522,5.69,39.1985605838349,-84.2626427905782,39.25487302614496,-84.3291707623225,2024-03-12 07:34:29-04:00,2024-03-12 08:13:34-04:00,7,34,8,13,221.91000000000003,0,0.0,0.0,0,0,0.0,0.0,147.94,73.97,0.0,0,0.0,0.0,0.0,0,0.0,0.0,0.0,0.0,0.0,0.0,0,0,0
3,e4fa650f-667d-4b44-af16-ed7b3c6a53f3,2024-03-13 12:39:29,2024-03-13 13:14:26,I-275,I-275  Exit 50 / US-22 Montgomery Rd / Hetz Dr,Northbound,35,0.362,0.139,5.46,39.19633000028538,-84.26258,39.25274046242908,-84.32335891825763,2024-03-13 08:39:29-04:00,2024-03-13 09:14:26-04:00,8,39,9,14,191.1,0,0.0,0.0,0,0,0.0,0.0,0.0,114.66,76.44,0,0.0,0.0,0.0,0,0.0,0.0,0.0,0.0,0.0,0.0,0,0,0
3,408a1421-c814-47a1-b0de-5e8e951db8a7,2024-03-20 12:05:32,2024-03-20 12:12:30,I-275,I-275  Exit 50 / US-22 Montgomery Rd / Hetz Dr,Northbound,7,0.308,0.95,4.11,39.21157247564188,-84.26498173292663,39.25193978173259,-84.31601610958977,2024-03-20 08:05:32-04:00,2024-03-20 08:12:30-04:00,8,5,8,12,28.770000000000003,0,0.0,0.0,0,0,0.0,0.0,0.0,28.770000000000003,0.0,0,0.0,0.0,0.0,0,0.0,0.0,0.0,0.0,0.0,0.0,0,0,0
3,91a8b7b5-03cd-4ed0-a156-fea5ce6a47a6,2024-03-19 11:36:27,2024-03-19 12:12:39,I-275,I-275  Exit 50 / US-22 Montgomery Rd / Hetz Dr,Northbound,36,0.0,0.95,4.41,39.2074634790692,-84.2631886368097,39.25193978173259,-84.31601610958977,2024-03-19 07:36:27-04:00,2024-03-19 08:12:39-04:00,7,36,8,12,158.76,0,0.0,0.0,0,0,0.0,0.0,105.83999999999999,52.919999999999995,0.0,0,0.0,0.0,0.0,0,0.0,0.0,0.0,0.0,0.0,0.0,0,0,0
3,043207cc-042d-4dc2-ac4a-b14da1d554ed,2024-03-06 11:48:27,2024-03-06 12:37:32,I-275  Exit 57 / OH-28,I-275  Exit 50 / US-22 Montgomery Rd / Hetz Dr,Northbound,49,0.114,0.867,6.68,39.18933032036001,-84.2625799615568,39.25846508820101,-84.3339870265633,2024-03-06 06:48:27-05:00,2024-03-06 07:37:32-05:00,6,48,7,37,327.32,0,0.0,0.0,0,0,0.0,80.16,247.15999999999997,0.0,0.0,0,0.0,0.0,0.0,0,0.0,0.0,0.0,0.0,0.0,0.0,0,0,0
3,20b5272c-a8c6-4842-81cd-93336fd8443f,2024-04-02 11:41:31,2024-04-02 11:44:31,I-275  Exit 54 / Wards Corner Rd,I-275  Exit 50 / US-22 Montgomery Rd / Hetz Dr,Northbound,3,0.0,0.278,3.53,39.22342,-84.27573,39.25316324675046,-84.32565985209322,2024-04-02 07:41:31-04:00,2024-04-02 07:44:31-04:00,7,41,7,44,10.59,0,0.0,0.0,0,0,0.0,0.0,10.59,0.0,0.0,0,0.0,0.0,0.0,0,0.0,0.0,0.0,0.0,0.0,0.0,0,0,0
4,026ce957-a55b-470f-ab75-aa19d13ba30c,2024-03-14 11:46:24,2024-03-14 11:56:30,I-275,I-275,Northbound,10,0.616,0.0,2.85,39.215255335979805,-84.26793451195124,39.24525136564208,-84.3032232859429,2024-03-14 07:46:24-04:00,2024-03-14 07:56:30-04:00,7,46,7,56,28.5,0,0.0,0.0,0,0,0.0,0.0,28.5,0.0,0.0,0,0.0,0.0,0.0,0,0.0,0.0,0.0,0.0,0.0,0.0,0,0,0
4,d315e4fc-37f2-40c3-ad86-731f69c3e5bb,2024-03-04 12:41:27,2024-03-04 12:56:31,I-275,I-275,Northbound,15,0.154,0.093,3.4,39.20909409346813,-84.26371382122977,39.24657249199655,-84.30446974226334,2024-03-04 07:41:27-05:00,2024-03-04 07:56:31-05:00,7,41,7,56,51.0,0,0.0,0.0,0,0,0.0,0.0,51.0,0.0,0.0,0,0.0,0.0,0.0,0,0.0,0.0,0.0,0.0,0.0,0.0,0,0,0
4,702f2413-7cbc-4855-9b2a-0e89ae2cc853,2024-03-13 09:37:24,2024-03-13 09:57:23,I-275,I-275,Northbound,20,0.925,0.0,2.54,39.21909088866996,-84.27115079980297,39.24525136564208,-84.3032232859429,2024-03-13 05:37:24-04:00,2024-03-13 05:57:23-04:00,5,37,5,57,50.8,0,0.0,0.0,0,0,50.8,0.0,0.0,0.0,0.0,0,0.0,0.0,0.0,0,0.0,0.0,0.0,0.0,0.0,0.0,0,0,0
4,e9a08d62-530a-4210-abdf-d13227750f92,2024-03-18 12:27:29,2024-03-18 12:49:29,"I-275  Exits 59,59A,59B / Milford Pkwy",I-275,Northbound,22,0.0,0.596,7.42,39.15945,-84.2671,39.251330824220005,-84.31149373642381,2024-03-18 08:27:29-04:00,2024-03-18 08:49:29-04:00,8,27,8,49,163.24,0,0.0,0.0,0,0,0.0,0.0,0.0,163.24,0.0,0,0.0,0.0,0.0,0,0.0,0.0,0.0,0.0,0.0,0.0,0,0,0
4,38041dfc-8e2e-424d-99a7-31e4a34f9149,2024-03-21 11:31:31,2024-03-21 12:09:33,I-275,I-275,Northbound,38,0.516,0.261,4.34,39.1985605838349,-84.2626427905782,39.24849236781997,-84.30632282420683,2024-03-21 07:31:31-04:00,2024-03-21 08:09:33-04:00,7,31,8,9,164.92,0,0.0,0.0,0,0,0.0,0.0,125.86,39.059999999999995,0.0,0,0.0,0.0,0.0,0,0.0,0.0,0.0,0.0,0.0,0.0,0,0,0
4,d63e457a-4168-4b7d-99fb-c1df79cd8cef,2024-03-13 11:39:35,2024-03-13 11:48:32,I-275,I-275,Northbound,9,0.824,0.261,4.03,39.20302079180559,-84.26277006843587,39.24849236781997,-84.30632282420683,2024-03-13 07:39:35-04:00,2024-03-13 07:48:32-04:00,7,39,7,48,36.27,0,0.0,0.0,0,0,0.0,0.0,36.27,0.0,0.0,0,0.0,0.0,0.0,0,0.0,0.0,0.0,0.0,0.0,0.0,0,0,0
4,c5a121a4-7f1c-4c1c-8cd2-fe41219caaf4,2024-03-05 12:38:28,2024-03-05 13:01:29,I-275  Exit 57 / OH-28,I-275,Northbound,23,0.286,0.261,5.19,39.1863901157645,-84.26333995948242,39.24849236781997,-84.30632282420683,2024-03-05 07:38:28-05:00,2024-03-05 08:01:29-05:00,7,38,8,1,119.37,0,0.0,0.0,0,0,0.0,0.0,114.18,5.19,0.0,0,0.0,0.0,0.0,0,0.0,0.0,0.0,0.0,0.0,0.0,0,0,0
4,133b77b1-469f-4dd9-96e0-228b2eae36c1,2024-03-05 12:23:27,2024-03-05 12:39:32,I-275,I-275,Northbound,16,0.965,0.084,3.96,39.17743277281754,-84.26679034755293,39.22896039457531,-84.2845088526364,2024-03-05 07:23:27-05:00,2024-03-05 07:39:32-05:00,7,23,7,39,63.36,0,0.0,0.0,0,0,0.0,0.0,63.36,0.0,0.0,0,0.0,0.0,0.0,0,0.0,0.0,0.0,0.0,0.0,0.0,0,0,0
4,49836e96-7aaf-41e0-b5de-3e54979aedfd,2024-03-07 12:40:31,2024-03-07 12:59:33,I-275,I-275,Northbound,19,0.308,0.261,3.42,39.21157247564188,-84.26498173292663,39.24849236781997,-84.30632282420683,2024-03-07 07:40:31-05:00,2024-03-07 07:59:33-05:00,7,40,7,59,64.98,0,0.0,0.0,0,0,0.0,0.0,64.98,0.0,0.0,0,0.0,0.0,0.0,0,0.0,0.0,0.0,0.0,0.0,0.0,0,0,0
4,a5a5a1a0-3403-4381-8ae0-22e39330ca93,2024-03-06 13:13:35,2024-03-06 13:17:32,I-275,I-275,Northbound,4,0.226,0.261,7.18,39.157753849019,-84.26703085175069,39.24849236781997,-84.30632282420683,2024-03-06 08:13:35-05:00,2024-03-06 08:17:32-05:00,8,13,8,17,28.72,0,0.0,0.0,0,0,0.0,0.0,0.0,28.72,0.0,0,0.0,0.0,0.0,0,0.0,0.0,0.0,0.0,0.0,0.0,0,0,0
4,a3609675-e157-4ad0-8dfa-a1da9d8c3841,2024-03-06 13:48:30,2024-03-06 13:59:28,"I-275  Exits 59,59A,59B / Milford Pkwy",I-275,Northbound,11,0.08,0.261,6.64,39.16555495254226,-84.26747807327249,39.24849236781997,-84.30632282420683,2024-03-06 08:48:30-05:00,2024-03-06 08:59:28-05:00,8,48,8,59,73.03999999999999,0,0.0,0.0,0,0,0.0,0.0,0.0,73.03999999999999,0.0,0,0.0,0.0,0.0,0,0.0,0.0,0.0,0.0,0.0,0.0,0,0,0
4,7ae1d706-98dc-450b-9d0f-e97f222adcd6,2024-03-20 11:32:31,2024-03-20 12:00:33,I-275  Exit 57 / OH-28,I-275,Northbound,28,0.286,0.0,4.93,39.1863901157645,-84.26333995948242,39.24525136564208,-84.3032232859429,2024-03-20 07:32:31-04:00,2024-03-20 08:00:33-04:00,7,32,8,0,138.04,0,0.0,0.0,0,0,0.0,0.0,138.04,0.0,0.0,0,0.0,0.0,0.0,0,0.0,0.0,0.0,0.0,0.0,0.0,0,0,0
4,f97b54c0-dd73-401e-a01e-a41ca73ca434,2024-03-05 13:11:30,2024-03-05 13:12:36,I-275  Exit 54 / Wards Corner Rd,I-275,Northbound,1,0.084,0.764,2.3,39.22896039457531,-84.2845088526364,39.25166529402811,-84.31354904336199,2024-03-05 08:11:30-05:00,2024-03-05 08:12:36-05:00,8,11,8,12,2.3,0,0.0,0.0,0,0,0.0,0.0,0.0,2.3,0.0,0,0.0,0.0,0.0,0,0.0,0.0,0.0,0.0,0.0,0.0,0,0,0
4,b21e2b5f-2c87-42e0-bc13-b633081fc434,2024-03-05 13:25:32,2024-03-05 13:27:38,I-275,I-275,Northbound,2,1.079,0.261,2.65,39.22101405694846,-84.27288945481524,39.24849236781997,-84.30632282420683,2024-03-05 08:25:32-05:00,2024-03-05 08:27:38-05:00,8,25,8,27,5.3,0,0.0,0.0,0,0,0.0,0.0,0.0,5.3,0.0,0,0.0,0.0,0.0,0,0.0,0.0,0.0,0.0,0.0,0.0,0,0,0
4,2c5e53e8-ea61-484f-a6d2-549db7f0991b,2024-03-08 12:28:35,2024-03-08 13:32:29,I-275  Exit 57 / OH-28,I-275,Northbound,64,0.099,0.261,4.76,39.19235043730385,-84.26247144939542,39.24849236781997,-84.30632282420683,2024-03-08 07:28:35-05:00,2024-03-08 08:32:29-05:00,7,28,8,32,304.64,0,0.0,0.0,0,0,0.0,0.0,152.32,152.32,0.0,0,0.0,0.0,0.0,0,0.0,0.0,0.0,0.0,0.0,0.0,0,0,0
4,d79a4f21-b263-409a-9831-7de7a3c2af3d,2024-03-06 14:07:26,2024-03-06 14:08:34,I-275  Exit 54 / Wards Corner Rd,I-275,Northbound,1,0.256,0.261,2.17,39.22522414764439,-84.27849399051485,39.24849236781997,-84.30632282420683,2024-03-06 09:07:26-05:00,2024-03-06 09:08:34-05:00,9,7,9,8,2.17,0,0.0,0.0,0,0,0.0,0.0,0.0,0.0,2.17,0,0.0,0.0,0.0,0,0.0,0.0,0.0,0.0,0.0,0.0,0,0,0
4,680a7c70-e197-452a-a421-6392d379ce21,2024-03-12 12:19:27,2024-03-12 12:20:33,I-275,I-275,Northbound,1,0.462,0.261,3.26,39.21269025107642,-84.26578803603896,39.24849236781997,-84.30632282420683,2024-03-12 08:19:27-04:00,2024-03-12 08:20:33-04:00,8,19,8,20,3.26,0,0.0,0.0,0,0,0.0,0.0,0.0,3.26,0.0,0,0.0,0.0,0.0,0,0.0,0.0,0.0,0.0,0.0,0.0,0,0,0
5,bce6676b-0767-46a8-b7e8-26706b6a2cd6,2024-03-05 21:25:29,2024-03-05 21:44:26,I-275  Exit 46 / US-42 Lebanon Rd,"I-75  Exits 16,16A,16B / I-275  Exits 43A,43B",Northbound,19,0.791,0.215,2.37,39.29047,-84.39028,39.28813017464596,-84.43297066956997,2024-03-05 16:25:29-05:00,2024-03-05 16:44:26-05:00,16,25,16,44,45.03,0,0.0,0.0,0,0,0.0,0.0,0.0,0.0,0.0,0,0.0,0.0,0.0,0,0.0,45.03,0.0,0.0,0.0,0.0,0,0,0
5,c247398a-24f1-4671-818b-e0f4a4084205,2024-04-08 17:38:26,2024-04-08 17:54:31,I-275  Exit 47 / Reed Hartman Hwy,"I-75  Exits 16,16A,16B / I-275  Exits 43A,43B",Northbound,16,0.255,0.0,2.7,39.29028053978889,-84.37991164496555,39.286779168599146,-84.42782372450776,2024-04-08 13:38:26-04:00,2024-04-08 13:54:31-04:00,13,38,13,54,43.2,0,0.0,0.0,0,0,0.0,0.0,0.0,0.0,0.0,0,0.0,0.0,43.2,0,0.0,0.0,0.0,0.0,0.0,0.0,0,0,0
5,18b90660-7f22-47ec-bc9b-daeb64e5effc,2024-03-20 20:44:26,2024-03-20 21:42:28,I-275  Exit 47 / Reed Hartman Hwy,"I-75  Exits 16,16A,16B / I-275  Exits 43A,43B",Northbound,58,0.0,0.393,3.98,39.28297,-84.36708,39.28875903916822,-84.43535110638274,2024-03-20 16:44:26-04:00,2024-03-20 17:42:28-04:00,16,44,17,42,230.84,0,0.0,0.0,0,0,0.0,0.0,0.0,0.0,0.0,0,0.0,0.0,0.0,0,0.0,63.68,167.16,0.0,0.0,0.0,0,0,0
5,70635904-89f9-4a65-b092-c05677732351,2024-04-08 17:21:27,2024-04-08 17:26:25,I-275  Exit 47 / Reed Hartman Hwy,"I-75  Exits 16,16A,16B / I-275  Exits 43A,43B",Northbound,5,0.38,0.323,2.89,39.29067289525725,-84.3822537411095,39.2885116890122,-84.4343967560488,2024-04-08 13:21:27-04:00,2024-04-08 13:26:25-04:00,13,21,13,26,14.450000000000001,0,0.0,0.0,0,0,0.0,0.0,0.0,0.0,0.0,0,0.0,0.0,14.450000000000001,0,0.0,0.0,0.0,0.0,0.0,0.0,0,0,0
5,412a0a63-b12b-42a0-917b-b558b43d1b2e,2024-04-08 15:23:26,2024-04-08 17:07:32,I-275,"I-75  Exits 16,16A,16B / I-275  Exits 43A,43B",Northbound,104,0.765,0.323,6.44,39.25650128087588,-84.33134805418511,39.2885116890122,-84.4343967560488,2024-04-08 11:23:26-04:00,2024-04-08 13:07:32-04:00,11,23,13,7,669.76,0,0.0,0.0,0,0,0.0,0.0,0.0,0.0,0.0,0,238.28,386.4,45.08,0,0.0,0.0,0.0,0.0,0.0,0.0,0,0,0
5,215fa0cc-e18f-4f09-8673-b2988e5869df,2024-04-04 21:14:24,2024-04-04 21:33:25,I-275  Exit 46 / US-42 Lebanon Rd,"I-75  Exits 16,16A,16B / I-275  Exits 43A,43B",Northbound,19,0.791,0.108,2.27,39.29047,-84.39028,39.287625540023015,-84.43106108636115,2024-04-04 17:14:24-04:00,2024-04-04 17:33:25-04:00,17,14,17,33,43.13,0,0.0,0.0,0,0,0.0,0.0,0.0,0.0,0.0,0,0.0,0.0,0.0,0,0.0,0.0,43.13,0.0,0.0,0.0,0,0,0
5,550b36ff-82e3-4ac2-ac13-522118516b9d,2024-03-05 22:23:28,2024-03-05 23:09:23,I-275  Exit 47 / Reed Hartman Hwy,"I-75  Exits 16,16A,16B / I-275  Exits 43A,43B",Northbound,46,0.269,0.393,3.71,39.28557209250623,-84.37062277726437,39.28875903916822,-84.43535110638274,2024-03-05 17:23:28-05:00,2024-03-05 18:09:23-05:00,17,23,18,9,170.66,0,0.0,0.0,0,0,0.0,0.0,0.0,0.0,0.0,0,0.0,0.0,0.0,0,0.0,0.0,137.27,33.39,0.0,0.0,0,0,0
5,87e856a4-fde4-4457-a7ec-60cb791dedb6,2024-03-13 19:53:36,2024-03-13 21:50:27,I-275  Exit 47 / Reed Hartman Hwy,"I-75  Exits 16,16A,16B / I-275  Exits 43A,43B",Northbound,117,0.631,0.0,3.47,39.28896,-84.37595,39.28951074686059,-84.43819336087269,2024-03-13 15:53:36-04:00,2024-03-13 17:50:27-04:00,15,53,17,50,405.99,0,0.0,0.0,0,0,0.0,0.0,0.0,0.0,0.0,0,0.0,0.0,0.0,0,24.290000000000003,208.2,173.5,0.0,0.0,0.0,0,0,0
6,4fae194d-68ec-4064-bf8c-3252fa031387,2024-03-13 11:44:29,2024-03-13 12:38:38,I-275  Exit 57 / OH-28,I-275  Exit 47 / Reed Hartman Hwy,Northbound,54,0.231,0.444,8.05,39.19377607179743,-84.26250694310728,39.27591009597427,-84.357550130525,2024-03-13 07:44:29-04:00,2024-03-13 08:38:38-04:00,7,44,8,38,434.70000000000005,0,0.0,0.0,0,0,0.0,0.0,128.8,305.90000000000003,0.0,0,0.0,0.0,0.0,0,0.0,0.0,0.0,0.0,0.0,0.0,0,0,0
6,7d0bd8ed-48ce-4dc9-9bc7-984f574f8ac6,2024-03-06 12:48:32,2024-03-06 13:05:34,"I-275  Exits 59,59A,59B / Milford Pkwy",I-275  Exit 47 / Reed Hartman Hwy,Northbound,17,0.0,0.085,10.64,39.15945,-84.2671,39.27726053661524,-84.35938072599693,2024-03-06 07:48:32-05:00,2024-03-06 08:05:34-05:00,7,48,8,5,180.88,0,0.0,0.0,0,0,0.0,0.0,127.68,53.2,0.0,0,0.0,0.0,0.0,0,0.0,0.0,0.0,0.0,0.0,0.0,0,0,0
6,ccfd378f-1c2c-4f02-b10a-97f28fa809be,2024-03-13 12:55:26,2024-03-13 12:57:30,I-275,I-275  Exit 47 / Reed Hartman Hwy,Northbound,2,0.95,0.169,2.05,39.25193978173259,-84.31601610958977,39.26881162999608,-84.34790411744697,2024-03-13 08:55:26-04:00,2024-03-13 08:57:30-04:00,8,55,8,57,4.1,0,0.0,0.0,0,0,0.0,0.0,0.0,4.1,0.0,0,0.0,0.0,0.0,0,0.0,0.0,0.0,0.0,0.0,0.0,0,0,0
6,e806a2b7-f129-4694-bc86-fb222b137bda,2024-04-02 11:20:42,2024-04-02 11:54:28,I-275  Exit 54 / Wards Corner Rd,I-275  Exit 47 / Reed Hartman Hwy,Northbound,34,0.0,0.085,5.98,39.22342,-84.27573,39.27726053661524,-84.35938072599693,2024-04-02 07:20:42-04:00,2024-04-02 07:54:28-04:00,7,20,7,54,203.32000000000002,0,0.0,0.0,0,0,0.0,0.0,203.32000000000002,0.0,0.0,0,0.0,0.0,0.0,0,0.0,0.0,0.0,0.0,0.0,0.0,0,0,0
6,61ba7ec9-4a50-4dce-926d-f177d24dfaf7,2024-03-06 13:02:33,2024-03-06 13:04:35,I-275,I-275  Exit 47 / Reed Hartman Hwy,Northbound,2,0.626,0.085,2.1,39.25610349261484,-84.33081465681978,39.27726053661524,-84.35938072599693,2024-03-06 08:02:33-05:00,2024-03-06 08:04:35-05:00,8,2,8,4,4.2,0,0.0,0.0,0,0,0.0,0.0,0.0,4.2,0.0,0,0.0,0.0,0.0,0,0.0,0.0,0.0,0.0,0.0,0.0,0,0,0
6,858637ed-fc59-4dd9-9e62-6647315e90c4,2024-03-06 13:25:32,2024-03-06 13:27:29,I-275  Exit 52 / Loveland Madeira Rd,I-275  Exit 47 / Reed Hartman Hwy,Northbound,2,0.764,0.494,2.97,39.25166529402811,-84.31354904336199,39.275960374034135,-84.35761850868643,2024-03-06 08:25:32-05:00,2024-03-06 08:27:29-05:00,8,25,8,27,5.94,0,0.0,0.0,0,0,0.0,0.0,0.0,5.94,0.0,0,0.0,0.0,0.0,0,0.0,0.0,0.0,0.0,0.0,0.0,0,0,0
6,ca3b557d-1582-47d7-8b22-47c193c66cf3,2024-03-12 12:10:34,2024-03-12 12:23:31,I-275,I-275  Exit 47 / Reed Hartman Hwy,Northbound,13,0.462,0.425,6.66,39.21269025107642,-84.26578803603896,39.275565905253664,-84.3570877499914,2024-03-12 08:10:34-04:00,2024-03-12 08:23:31-04:00,8,10,8,23,86.58,0,0.0,0.0,0,0,0.0,0.0,0.0,86.58,0.0,0,0.0,0.0,0.0,0,0.0,0.0,0.0,0.0,0.0,0.0,0,0,0
6,8645e3fb-ef37-400f-9060-b56b0fc219f0,2024-03-06 12:30:26,2024-03-06 12:55:34,I-275,I-275  Exit 47 / Reed Hartman Hwy,Northbound,25,0.423,0.338,9.2,39.17081483011286,-84.26780007588505,39.27005652765892,-84.3495628970362,2024-03-06 07:30:26-05:00,2024-03-06 07:55:34-05:00,7,30,7,55,229.99999999999997,0,0.0,0.0,0,0,0.0,0.0,229.99999999999997,0.0,0.0,0,0.0,0.0,0.0,0,0.0,0.0,0.0,0.0,0.0,0.0,0,0,0
6,8888e11a-2f74-4767-b3b8-5e7ad0de2072,2024-03-13 12:32:31,2024-03-13 13:06:39,I-275,I-275  Exit 47 / Reed Hartman Hwy,Northbound,34,0.362,0.444,7.92,39.19633000028538,-84.26258,39.27591009597427,-84.357550130525,2024-03-13 08:32:31-04:00,2024-03-13 09:06:39-04:00,8,32,9,6,269.28,0,0.0,0.0,0,0,0.0,0.0,0.0,221.75999999999996,47.519999999999996,0,0.0,0.0,0.0,0,0.0,0.0,0.0,0.0,0.0,0.0,0,0,0
6,6a75faa6-55e6-4669-8756-0269f8b8afa2,2024-04-08 16:17:30,2024-04-08 16:19:33,I-275,I-275  Exit 47 / Reed Hartman Hwy,Northbound,2,0.626,0.429,2.44,39.25610349261484,-84.33081465681978,39.28070011502028,-84.36402015796118,2024-04-08 12:17:30-04:00,2024-04-08 12:19:33-04:00,12,17,12,19,4.88,0,0.0,0.0,0,0,0.0,0.0,0.0,0.0,0.0,0,0.0,4.88,0.0,0,0.0,0.0,0.0,0.0,0.0,0.0,0,0,0
6,bb7673f5-b575-4c44-9ac8-8ef0a6d120a4,2024-03-06 13:08:32,2024-03-06 13:34:30,"I-275  Exits 59,59A,59B / Milford Pkwy",I-275  Exit 47 / Reed Hartman Hwy,Northbound,26,0.0,0.494,10.55,39.15945,-84.2671,39.275960374034135,-84.35761850868643,2024-03-06 08:08:32-05:00,2024-03-06 08:34:30-05:00,8,8,8,34,274.3,0,0.0,0.0,0,0,0.0,0.0,0.0,274.3,0.0,0,0.0,0.0,0.0,0,0.0,0.0,0.0,0.0,0.0,0.0,0,0,0
6,63230df2-52d7-4471-9d06-b26ef8a0ef56,2024-04-08 16:08:22,2024-04-08 16:13:25,I-275  Exit 50 / US-22 Montgomery Rd / Hetz Dr,I-275  Exit 47 / Reed Hartman Hwy,Northbound,5,0.364,0.378,1.79,39.26233001068056,-84.33918001373215,39.27960936613567,-84.3625551851391,2024-04-08 12:08:22-04:00,2024-04-08 12:13:25-04:00,12,8,12,13,8.95,0,0.0,0.0,0,0,0.0,0.0,0.0,0.0,0.0,0,0.0,8.95,0.0,0,0.0,0.0,0.0,0.0,0.0,0.0,0,0,0
6,8afe7eb4-9617-4cf6-9e24-40b9853f6de8,2024-04-08 16:49:32,2024-04-08 17:10:26,I-275  Exit 50 / US-22 Montgomery Rd / Hetz Dr,I-275  Exit 47 / Reed Hartman Hwy,Northbound,21,0.867,0.444,1.72,39.25867,-84.33427,39.27591009597427,-84.357550130525,2024-04-08 12:49:32-04:00,2024-04-08 13:10:26-04:00,12,49,13,10,36.12,0,0.0,0.0,0,0,0.0,0.0,0.0,0.0,0.0,0,0.0,18.919999999999998,17.2,0,0.0,0.0,0.0,0.0,0.0,0.0,0,0,0
6,fbb9e286-32a2-4f60-b116-790be9fe528b,2024-04-30 13:08:20,2024-04-30 13:13:14,I-275 / I-275 W,I-275  Exit 47 / Reed Hartman Hwy,Northbound,5,0.626,0.05,2.1,39.25625064726881,-84.3310108707861,39.27724126750793,-84.35940168808825,2024-04-30 09:08:20-04:00,2024-04-30 09:13:14-04:00,9,8,9,13,10.5,0,0.0,0.0,0,0,0.0,0.0,0.0,0.0,10.5,0,0.0,0.0,0.0,0,0.0,0.0,0.0,0.0,0.0,0.0,0,0,0
6,cca8906b-169b-4089-b08e-90c12db5315b,2024-04-17 11:48:12,2024-04-17 12:16:12,I-275 S / I-275,I-275  Exit 47 / Reed Hartman Hwy,Northbound,28,0.0,0.529,10.91,39.15475,-84.26665,39.27603384060623,-84.35775323416328,2024-04-17 07:48:12-04:00,2024-04-17 08:16:12-04:00,7,48,8,16,305.48,0,0.0,0.0,0,0,0.0,0.0,130.92,174.56,0.0,0,0.0,0.0,0.0,0,0.0,0.0,0.0,0.0,0.0,0.0,0,0,0
6,9dd8e649-5368-4392-a8b9-593f6a071946,2024-05-15 11:50:08,2024-05-15 11:54:25,I-275  Exit 52 / Loveland Madeira Rd,I-275  Exit 47 / Reed Hartman Hwy,Northbound,4,0.428,0.408,3.21,39.25036209982608,-84.30886114705883,39.27554009688575,-84.35707013564004,2024-05-15 07:50:08-04:00,2024-05-15 07:54:25-04:00,7,50,7,54,12.84,0,0.0,0.0,0,0,0.0,0.0,12.84,0.0,0.0,0,0.0,0.0,0.0,0,0.0,0.0,0.0,0.0,0.0,0.0,0,0,0
6,fc8e4337-82da-4938-b444-912ef6c8f1c7,2024-05-14 12:29:08,2024-05-14 12:40:07,I-275  Exit 52 / Loveland Madeira Rd,I-275  Exit 47 / Reed Hartman Hwy,Northbound,11,0.0,0.05,3.81,39.24571,-84.30363,39.27724126750793,-84.35940168808825,2024-05-14 08:29:08-04:00,2024-05-14 08:40:07-04:00,8,29,8,40,41.910000000000004,0,0.0,0.0,0,0,0.0,0.0,0.0,41.910000000000004,0.0,0,0.0,0.0,0.0,0,0.0,0.0,0.0,0.0,0.0,0.0,0,0,0
6,663c384c-e483-4f7b-abb6-1e1e1bcf5e4b,2024-05-22 11:51:08,2024-05-22 12:37:11,I-275 S / I-275,I-275  Exit 47 / Reed Hartman Hwy,Northbound,46,0.597,0.197,9.83,39.17333125373716,-84.26782737942385,39.27834275337261,-84.36086866538503,2024-05-22 07:51:08-04:00,2024-05-22 08:37:11-04:00,7,51,8,37,452.18,0,0.0,0.0,0,0,0.0,0.0,88.47,363.71000000000004,0.0,0,0.0,0.0,0.0,0,0.0,0.0,0.0,0.0,0.0,0.0,0,0,0
6,de5171b6-6764-47df-9950-8fa2afc14e49,2024-04-30 20:43:07,2024-04-30 22:03:08,I-275 / I-275 W,I-275  Exit 47 / Reed Hartman Hwy,Northbound,80,1.232,0.169,5.23,39.22269010504449,-84.27478013545212,39.26881168411503,-84.34790418855667,2024-04-30 16:43:07-04:00,2024-04-30 18:03:08-04:00,16,43,18,3,418.40000000000003,0,0.0,0.0,0,0,0.0,0.0,0.0,0.0,0.0,0,0.0,0.0,0.0,0,0.0,88.91000000000001,313.8,15.690000000000001,0.0,0.0,0,0,0
6,4942cb81-c9c6-4510-b245-dd2112e028ba,2024-05-14 10:52:16,2024-05-14 11:13:20,I-275 W / I-275,I-275  Exit 47 / Reed Hartman Hwy,Northbound,21,0.979,0.0,6.86,39.204468838984575,-84.26281234802116,39.27149,-84.35152,2024-05-14 06:52:16-04:00,2024-05-14 07:13:20-04:00,6,52,7,13,144.06,0,0.0,0.0,0,0,0.0,54.879999999999995,89.18,0.0,0.0,0,0.0,0.0,0.0,0,0.0,0.0,0.0,0.0,0.0,0.0,0,0,0
6,9f6e0363-5aa3-487b-8218-29a466516905,2024-04-17 12:24:09,2024-04-17 12:51:24,"I-275  Exits 59A,59B / Milford Pkwy",I-275  Exit 47 / Reed Hartman Hwy,Northbound,27,0.181,0.529,10.41,39.1620717901053,-84.26726010335656,39.27603384060623,-84.35775323416328,2024-04-17 08:24:09-04:00,2024-04-17 08:51:24-04:00,8,24,8,51,281.07,0,0.0,0.0,0,0,0.0,0.0,0.0,281.07,0.0,0,0.0,0.0,0.0,0,0.0,0.0,0.0,0.0,0.0,0.0,0,0,0
6,c85909ab-f3a8-47bd-98dc-c2fb5fa7dc3f,2024-04-15 12:01:46,2024-04-15 12:31:48,I-275 W / I-275,I-275  Exit 47 / Reed Hartman Hwy,Northbound,30,0.0,0.444,7.15,39.2074656059532,-84.2631891254215,39.27569993560367,-84.35729372059555,2024-04-15 08:01:46-04:00,2024-04-15 08:31:48-04:00,8,1,8,31,214.5,0,0.0,0.0,0,0,0.0,0.0,0.0,214.5,0.0,0,0.0,0.0,0.0,0,0.0,0.0,0.0,0.0,0.0,0.0,0,0,0
6,b9599dae-da02-44fc-a92a-48df0527be27,2024-04-17 12:10:12,2024-04-17 12:13:08,I-275 / I-275 W,I-275  Exit 47 / Reed Hartman Hwy,Northbound,3,0.278,0.529,2.4,39.253163287665366,-84.32565997624766,39.27603384060623,-84.35775323416328,2024-04-17 08:10:12-04:00,2024-04-17 08:13:08-04:00,8,10,8,13,7.199999999999999,0,0.0,0.0,0,0,0.0,0.0,0.0,7.199999999999999,0.0,0,0.0,0.0,0.0,0,0.0,0.0,0.0,0.0,0.0,0.0,0,0,0
6,1f384bff-f4b1-4199-8988-66627fd7a744,2024-04-18 12:04:19,2024-04-18 12:22:09,I-275 W / I-275,I-275  Exit 47 / Reed Hartman Hwy,Northbound,18,0.362,0.136,7.61,39.19633001091907,-84.26258,39.27285581661502,-84.35335208620201,2024-04-18 08:04:19-04:00,2024-04-18 08:22:09-04:00,8,4,8,22,136.98000000000002,0,0.0,0.0,0,0,0.0,0.0,0.0,136.98000000000002,0.0,0,0.0,0.0,0.0,0,0.0,0.0,0.0,0.0,0.0,0.0,0,0,0
6,2d74314f-305c-4a67-b97d-70321627e71d,2024-04-17 12:16:12,2024-04-17 12:25:05,"I-275  Exits 59A,59B / Milford Pkwy",I-275  Exit 47 / Reed Hartman Hwy,Northbound,9,0.326,0.529,10.59,39.15945,-84.2671,39.27603384060623,-84.35775323416328,2024-04-17 08:16:12-04:00,2024-04-17 08:25:05-04:00,8,16,8,25,95.31,0,0.0,0.0,0,0,0.0,0.0,0.0,95.31,0.0,0,0.0,0.0,0.0,0,0.0,0.0,0.0,0.0,0.0,0.0,0,0,0
6,f3637ca2-6b8c-4e5e-9ba9-63197e9951d3,2024-05-22 05:59:08,2024-05-22 06:21:19,I-275 / I-275 W,I-275  Exit 47 / Reed Hartman Hwy,Northbound,22,0.802,0.339,1.27,39.2580201445534,-84.33339019383295,39.27079017736041,-84.35055023905099,2024-05-22 01:59:08-04:00,2024-05-22 02:21:19-04:00,1,59,2,21,27.94,0,1.27,26.67,0,0,0.0,0.0,0.0,0.0,0.0,0,0.0,0.0,0.0,0,0.0,0.0,0.0,0.0,0.0,0.0,0,0,0
6,406b3fe8-3391-4cd6-a630-a75f77e64872,2024-04-09 12:29:57,2024-04-09 12:31:10,I-275 / I-275 W,I-275  Exit 47 / Reed Hartman Hwy,Northbound,1,0.417,0.169,1.49,39.25396925630999,-84.32769480948342,39.26881168411503,-84.34790418855667,2024-04-09 08:29:57-04:00,2024-04-09 08:31:10-04:00,8,29,8,31,1.49,0,0.0,0.0,0,0,0.0,0.0,0.0,1.49,0.0,0,0.0,0.0,0.0,0,0.0,0.0,0.0,0.0,0.0,0.0,0,0,0
6,cd3801f6-8d7e-448a-a3d2-43a850dab1e8,2024-04-11 21:35:56,2024-04-11 21:41:08,I-275 / I-275 W,I-275  Exit 47 / Reed Hartman Hwy,Northbound,5,0.417,0.339,1.66,39.25396925630999,-84.32769480948342,39.27079017736041,-84.35055023905099,2024-04-11 17:35:56-04:00,2024-04-11 17:41:08-04:00,17,35,17,41,8.299999999999999,0,0.0,0.0,0,0,0.0,0.0,0.0,0.0,0.0,0,0.0,0.0,0.0,0,0.0,0.0,8.299999999999999,0.0,0.0,0.0,0,0,0
6,29923aa7-64e1-4da9-a53b-208b2eb520fe,2024-04-18 11:24:00,2024-04-18 12:08:14,I-275  Exit 57 / I-275 W / OH-28,I-275  Exit 47 / Reed Hartman Hwy,Northbound,44,0.114,0.272,8.23,39.18933032036001,-84.2625799615568,39.274201498157545,-84.3552077360244,2024-04-18 07:24:00-04:00,2024-04-18 08:08:14-04:00,7,24,8,8,362.12,0,0.0,0.0,0,0,0.0,0.0,296.28000000000003,65.84,0.0,0,0.0,0.0,0.0,0,0.0,0.0,0.0,0.0,0.0,0.0,0,0,0
6,97801b66-5bc9-4a01-9151-a54bad4c9f6d,2024-04-16 11:39:06,2024-04-16 11:40:06,I-275 / I-275 W,I-275  Exit 47 / Reed Hartman Hwy,Northbound,1,0.95,0.136,2.42,39.25193978831089,-84.31601617179102,39.27285581661502,-84.35335208620201,2024-04-16 07:39:06-04:00,2024-04-16 07:40:06-04:00,7,39,7,40,2.42,0,0.0,0.0,0,0,0.0,0.0,2.42,0.0,0.0,0,0.0,0.0,0.0,0,0.0,0.0,0.0,0.0,0.0,0.0,0,0,0
6,3276472a-373d-4d2e-bb2a-18a0d72bcad3,2024-04-15 11:51:58,2024-04-15 12:06:52,I-275 W / I-275,I-275  Exit 47 / Reed Hartman Hwy,Northbound,15,0.825,0.408,7.42,39.20120823805285,-84.26271834320534,39.27554009688575,-84.35707013564004,2024-04-15 07:51:58-04:00,2024-04-15 08:06:52-04:00,7,51,8,6,111.3,0,0.0,0.0,0,0,0.0,0.0,66.78,44.52,0.0,0,0.0,0.0,0.0,0,0.0,0.0,0.0,0.0,0.0,0.0,0,0,0
6,21b62879-b237-441c-94b1-1195353b53e0,2024-04-15 11:47:59,2024-04-15 11:48:59,I-275 / I-275 W,I-275  Exit 47 / Reed Hartman Hwy,Northbound,1,0.811,0.0,2.42,39.25190005612877,-84.31564053065989,39.27149,-84.35152,2024-04-15 07:47:59-04:00,2024-04-15 07:48:59-04:00,7,47,7,48,2.42,0,0.0,0.0,0,0,0.0,0.0,2.42,0.0,0.0,0,0.0,0.0,0.0,0,0.0,0.0,0.0,0.0,0.0,0.0,0,0,0
6,91fb8051-eee1-4344-afd5-3590e8259056,2024-04-16 11:42:10,2024-04-16 11:46:14,I-275 / I-275 W,I-275  Exit 47 / Reed Hartman Hwy,Northbound,4,0.278,0.169,1.63,39.253163287665366,-84.32565997624766,39.26881168411503,-84.34790418855667,2024-04-16 07:42:10-04:00,2024-04-16 07:46:14-04:00,7,42,7,46,6.52,0,0.0,0.0,0,0,0.0,0.0,6.52,0.0,0.0,0,0.0,0.0,0.0,0,0.0,0.0,0.0,0.0,0.0,0.0,0,0,0
6,17ffebdf-d224-426c-a305-b27f1eb71c88,2024-04-30 11:48:13,2024-04-30 12:18:17,I-275 S / I-275,I-275  Exit 47 / Reed Hartman Hwy,Northbound,30,1.075,0.529,11.2,39.15067022493761,-84.26613002967927,39.27603384060623,-84.35775323416328,2024-04-30 07:48:13-04:00,2024-04-30 08:18:17-04:00,7,48,8,18,336.0,0,0.0,0.0,0,0,0.0,0.0,134.4,201.6,0.0,0,0.0,0.0,0.0,0,0.0,0.0,0.0,0.0,0.0,0.0,0,0,0
6,2edc1ca5-451e-4cc7-b9e2-f9030629e70c,2024-05-06 12:02:10,2024-05-06 12:05:13,I-275  Exit 52 / Loveland Madeira Rd,I-275  Exit 47 / Reed Hartman Hwy,Northbound,3,0.093,0.272,3.41,39.24657249199655,-84.30446974226334,39.274201498157545,-84.3552077360244,2024-05-06 08:02:10-04:00,2024-05-06 08:05:13-04:00,8,2,8,5,10.23,0,0.0,0.0,0,0,0.0,0.0,0.0,10.23,0.0,0,0.0,0.0,0.0,0,0.0,0.0,0.0,0.0,0.0,0.0,0,0,0
7,73638a40-4926-4421-8e4e-ed67131b2439,2024-04-08 15:43:22,2024-04-08 15:49:30,I-275  Exit 50 / US-22 Montgomery Rd / Hetz Dr,I-275  Exit 46 / US-42 Lebanon Rd,Northbound,6,0.588,0.403,2.24,39.26454012130438,-84.34216012130439,39.28669646517643,-84.37211608887363,2024-04-08 11:43:22-04:00,2024-04-08 11:49:30-04:00,11,43,11,49,13.440000000000001,0,0.0,0.0,0,0,0.0,0.0,0.0,0.0,0.0,0,13.440000000000001,0.0,0.0,0,0.0,0.0,0.0,0.0,0.0,0.0,0,0,0
7,cc53217f-3cbb-4542-95c1-fcce048deea5,2024-04-08 16:23:31,2024-04-08 16:24:29,I-275  Exit 50 / US-22 Montgomery Rd / Hetz Dr,I-275  Exit 46 / US-42 Lebanon Rd,Northbound,1,0.0,0.134,1.93,39.26498,-84.34278,39.28430711941312,-84.36890048845929,2024-04-08 12:23:31-04:00,2024-04-08 12:24:29-04:00,12,23,12,24,1.93,0,0.0,0.0,0,0,0.0,0.0,0.0,0.0,0.0,0,0.0,1.93,0.0,0,0.0,0.0,0.0,0.0,0.0,0.0,0,0,0
7,778d422d-2f32-4024-b2f0-f16e84326215,2024-05-06 23:52:04,2024-05-07 00:19:16,I-275  Exit 47 / Reed Hartman Hwy,I-275  Exit 46 / US-42 Lebanon Rd,Northbound,27,0.621,0.358,0.99,39.28297,-84.36708,39.2906700370224,-84.38223030358373,2024-05-06 19:52:04-04:00,2024-05-06 20:19:16-04:00,19,52,20,19,26.73,0,0.0,0.0,0,0,0.0,0.0,0.0,0.0,0.0,0,0.0,0.0,0.0,0,0.0,0.0,0.0,0.0,7.92,18.810000000000002,0,0,0
8,e5859b80-cfb7-4dfb-a5e6-2aae2508a078,2024-03-20 12:01:26,2024-03-20 12:04:31,I-275  Exit 54 / Wards Corner Rd,I-275  Exit 52 / Loveland Madeira Rd,Northbound,3,0.0,0.0,1.83,39.22342,-84.27573,39.24164341300687,-84.29979311622367,2024-03-20 08:01:26-04:00,2024-03-20 08:04:31-04:00,8,1,8,4,5.49,0,0.0,0.0,0,0,0.0,0.0,0.0,5.49,0.0,0,0.0,0.0,0.0,0,0.0,0.0,0.0,0.0,0.0,0.0,0,0,0
8,5db681a4-1153-4b93-91dd-033299358492,2024-03-12 12:22:40,2024-03-12 12:23:31,I-275  Exit 54 / Wards Corner Rd,I-275  Exit 52 / Loveland Madeira Rd,Northbound,1,0.128,0.0,1.7,39.22461335111084,-84.27755921652442,39.24164341300687,-84.29979311622367,2024-03-12 08:22:40-04:00,2024-03-12 08:23:31-04:00,8,22,8,23,1.7,0,0.0,0.0,0,0,0.0,0.0,0.0,1.7,0.0,0,0.0,0.0,0.0,0,0.0,0.0,0.0,0.0,0.0,0.0,0,0,0
8,f04045d1-c58b-4f55-8095-a8a487f5c57b,2024-05-02 11:25:12,2024-05-02 11:32:08,I-275  Exit 57 / I-275 W / OH-28,I-275  Exit 52 / Loveland Madeira Rd,Northbound,7,0.0,1.239,4.22,39.19109,-84.26246,39.24128006429072,-84.29945006130045,2024-05-02 07:25:12-04:00,2024-05-02 07:32:08-04:00,7,25,7,32,29.54,0,0.0,0.0,0,0,0.0,0.0,29.54,0.0,0.0,0,0.0,0.0,0.0,0,0.0,0.0,0.0,0.0,0.0,0.0,0,0,0
8,02139f7b-a18c-43df-8153-50c5210b3b57,2024-05-14 10:54:06,2024-05-14 11:49:09,I-275 / I-275 S,I-275  Exit 52 / Loveland Madeira Rd,Northbound,55,0.792,1.004,5.05,39.17611001615997,-84.26727999538286,39.23828533554561,-84.29660512212378,2024-05-14 06:54:06-04:00,2024-05-14 07:49:09-04:00,6,54,7,49,277.75,0,0.0,0.0,0,0,0.0,30.299999999999997,247.45,0.0,0.0,0,0.0,0.0,0.0,0,0.0,0.0,0.0,0.0,0.0,0.0,0,0,0
8,1cf2dffa-d9c2-4b2b-80b3-8be4ddb5f767,2024-04-17 13:01:08,2024-04-17 13:14:14,I-275  Exit 57 / I-275 W / OH-28,I-275  Exit 52 / Loveland Madeira Rd,Northbound,13,0.043,0.982,4.16,39.18816820572917,-84.26280222597065,39.238280072940746,-84.29660007002312,2024-04-17 09:01:08-04:00,2024-04-17 09:14:14-04:00,9,1,9,14,54.08,0,0.0,0.0,0,0,0.0,0.0,0.0,0.0,54.08,0,0.0,0.0,0.0,0,0.0,0.0,0.0,0.0,0.0,0.0,0,0,0
8,ec0e2c69-e0f0-4871-a11f-7de0d04286ae,2024-05-21 12:38:18,2024-05-21 12:44:02,I-275  Exit 57 / I-275 W / OH-28,I-275  Exit 52 / Loveland Madeira Rd,Northbound,6,0.114,1.112,4.21,39.18933032036001,-84.2625799615568,39.23979010128048,-84.298050094375,2024-05-21 08:38:18-04:00,2024-05-21 08:44:02-04:00,8,38,8,44,25.259999999999998,0,0.0,0.0,0,0,0.0,0.0,0.0,25.259999999999998,0.0,0,0.0,0.0,0.0,0,0.0,0.0,0.0,0.0,0.0,0.0,0,0,0
9,2943251f-1b3e-4ce5-b44b-9a7c826eb16c,2024-05-01 11:29:12,2024-05-01 11:32:08,I-275  Exit 57 / I-275 W / OH-28,I-275 / I-275 W,Northbound,3,0.114,0.084,3.19,39.18933032036001,-84.2625799615568,39.22914015131736,-84.28482023778442,2024-05-01 07:29:12-04:00,2024-05-01 07:32:08-04:00,7,29,7,32,9.57,0,0.0,0.0,0,0,0.0,0.0,9.57,0.0,0.0,0,0.0,0.0,0.0,0,0.0,0.0,0.0,0.0,0.0,0.0,0,0,0
9,51ff5c7d-75d0-402d-8a34-af97e1036f94,2024-05-21 11:27:07,2024-05-21 11:32:11,I-275  Exit 57 / I-275 W / OH-28,I-275 / I-275 W,Northbound,5,0.0,0.735,3.71,39.19109,-84.26246,39.23539005435211,-84.29386005295845,2024-05-21 07:27:07-04:00,2024-05-21 07:32:11-04:00,7,27,7,32,18.55,0,0.0,0.0,0,0,0.0,0.0,18.55,0.0,0.0,0,0.0,0.0,0.0,0,0.0,0.0,0.0,0.0,0.0,0.0,0,0,0
9,e40c029d-8e0b-4237-bab9-0af8ec4a74a2,2024-05-20 11:25:13,2024-05-20 11:31:10,I-275  Exit 57 / I-275 W / OH-28,I-275 / I-275 W,Northbound,6,0.1,0.084,2.96,39.19235043730385,-84.26247144939542,39.22914015131736,-84.28482023778442,2024-05-20 07:25:13-04:00,2024-05-20 07:31:10-04:00,7,25,7,31,17.759999999999998,0,0.0,0.0,0,0,0.0,0.0,17.759999999999998,0.0,0.0,0,0.0,0.0,0.0,0,0.0,0.0,0.0,0.0,0.0,0.0,0,0,0
9,eb4b34a4-5e4b-43e4-a081-7ec42cfb0716,2024-05-20 12:28:16,2024-05-20 12:37:07,I-275 W / I-275,I-275 / I-275 W,Northbound,9,0.771,0.261,2.96,39.21666412052099,-84.26912464936484,39.24849239705976,-84.30632285404336,2024-05-20 08:28:16-04:00,2024-05-20 08:37:07-04:00,8,28,8,37,26.64,0,0.0,0.0,0,0,0.0,0.0,0.0,26.64,0.0,0,0.0,0.0,0.0,0,0.0,0.0,0.0,0.0,0.0,0.0,0,0,0
9,3eb9049f-e66a-414d-81ac-b4c9ead6c6fd,2024-05-07 11:19:09,2024-05-07 11:22:08,I-275  Exit 57 / I-275 W / OH-28,I-275 / I-275 W,Northbound,3,0.0,0.287,3.27,39.19109,-84.26246,39.23033337545319,-84.28674688121788,2024-05-07 07:19:09-04:00,2024-05-07 07:22:08-04:00,7,19,7,22,9.81,0,0.0,0.0,0,0,0.0,0.0,9.81,0.0,0.0,0,0.0,0.0,0.0,0,0.0,0.0,0.0,0.0,0.0,0.0,0,0,0
9,ae80b17e-b816-40ce-8899-953418069594,2024-05-14 12:16:05,2024-05-14 12:35:11,I-275 S / I-275,I-275 / I-275 W,Northbound,19,0.136,0.436,5.83,39.15671016680072,-84.26689002421301,39.23227059542759,-84.28988094826832,2024-05-14 08:16:05-04:00,2024-05-14 08:35:11-04:00,8,16,8,35,110.77,0,0.0,0.0,0,0,0.0,0.0,0.0,110.77,0.0,0,0.0,0.0,0.0,0,0.0,0.0,0.0,0.0,0.0,0.0,0,0,0
9,06c3891e-6bbf-473b-b314-08595ba7327b,2024-04-15 12:08:50,2024-04-15 12:39:53,I-275 W / I-275,I-275 / I-275 W,Northbound,31,0.0,0.093,3.56,39.2074656059532,-84.2631891254215,39.24657249199655,-84.30446974226334,2024-04-15 08:08:50-04:00,2024-04-15 08:39:53-04:00,8,8,8,39,110.36,0,0.0,0.0,0,0,0.0,0.0,0.0,110.36,0.0,0,0.0,0.0,0.0,0,0.0,0.0,0.0,0.0,0.0,0.0,0,0,0
9,b82d608f-f7ab-4b5c-b4ce-3f4d08da0fdb,2024-04-25 11:29:12,2024-04-25 11:59:20,I-275 W / I-275,I-275 / I-275 W,Northbound,30,0.154,0.261,3.57,39.20909599294912,-84.26371459129363,39.24849239705976,-84.30632285404336,2024-04-25 07:29:12-04:00,2024-04-25 07:59:20-04:00,7,29,7,59,107.1,0,0.0,0.0,0,0,0.0,0.0,107.1,0.0,0.0,0,0.0,0.0,0.0,0,0.0,0.0,0.0,0.0,0.0,0.0,0,0,0
9,2e603653-b737-4cf6-9901-b4d900c8ea8f,2024-04-22 11:31:10,2024-04-22 11:32:16,I-275  Exit 57 / I-275 W / OH-28,I-275 / I-275 W,Northbound,1,0.1,0.287,3.17,39.19235043730385,-84.26247144939542,39.23033337545319,-84.28674688121788,2024-04-22 07:31:10-04:00,2024-04-22 07:32:16-04:00,7,31,7,32,3.17,0,0.0,0.0,0,0,0.0,0.0,3.17,0.0,0.0,0,0.0,0.0,0.0,0,0.0,0.0,0.0,0.0,0.0,0.0,0,0,0
9,be41bc16-a9de-4464-a66d-cddb1e36373a,2024-05-08 12:10:13,2024-05-08 12:12:05,I-275 W / I-275,I-275 / I-275 W,Northbound,2,0.0,0.084,1.93,39.2074656059532,-84.2631891254215,39.22914015131736,-84.28482023778442,2024-05-08 08:10:13-04:00,2024-05-08 08:12:05-04:00,8,10,8,12,3.86,0,0.0,0.0,0,0,0.0,0.0,0.0,3.86,0.0,0,0.0,0.0,0.0,0,0.0,0.0,0.0,0.0,0.0,0.0,0,0,0
9,8dc84706-3bb6-47c2-92fa-cd61f07f0b1b,2024-04-09 10:45:58,2024-04-09 12:31:10,"I-275  Exits 59A,59B / Milford Pkwy",I-275 / I-275 W,Northbound,105,0.181,0.261,6.9,39.1620717901053,-84.26726010335656,39.24849239705976,-84.30632285404336,2024-04-09 06:45:58-04:00,2024-04-09 08:31:10-04:00,6,45,8,31,724.5,0,0.0,0.0,0,0,0.0,103.5,414.0,213.9,0.0,0,0.0,0.0,0.0,0,0.0,0.0,0.0,0.0,0.0,0.0,0,0,0
9,bdec4fbc-30ff-44f4-a107-daefeb52970f,2024-05-07 11:37:08,2024-05-07 12:06:07,I-275 / I-275 S,I-275 / I-275 W,Northbound,29,0.965,0.093,5.59,39.17743280982176,-84.26679033327545,39.24657249199655,-84.30446974226334,2024-05-07 07:37:08-04:00,2024-05-07 08:06:07-04:00,7,37,8,6,162.10999999999999,0,0.0,0.0,0,0,0.0,0.0,128.57,33.54,0.0,0,0.0,0.0,0.0,0,0.0,0.0,0.0,0.0,0.0,0.0,0,0,0
9,d09110b1-6f3d-448f-aaa9-0d5f7249c2db,2024-05-01 12:34:17,2024-05-01 12:39:12,I-275 W / I-275,I-275 / I-275 W,Northbound,5,0.771,0.261,2.96,39.21666412052099,-84.26912464936484,39.24849239705976,-84.30632285404336,2024-05-01 08:34:17-04:00,2024-05-01 08:39:12-04:00,8,34,8,39,14.8,0,0.0,0.0,0,0,0.0,0.0,0.0,14.8,0.0,0,0.0,0.0,0.0,0,0.0,0.0,0.0,0.0,0.0,0.0,0,0,0
9,157e4137-663b-4a2e-a7c8-32f218b2e10a,2024-05-21 12:48:07,2024-05-21 12:51:11,I-275 W / I-275,I-275 / I-275 W,Northbound,3,0.462,0.735,2.12,39.21269114713353,-84.2657887603597,39.23539005435211,-84.29386005295845,2024-05-21 08:48:07-04:00,2024-05-21 08:51:11-04:00,8,48,8,51,6.36,0,0.0,0.0,0,0,0.0,0.0,0.0,6.36,0.0,0,0.0,0.0,0.0,0,0.0,0.0,0.0,0.0,0.0,0.0,0,0,0
9,0863cece-714f-4894-a331-68fb4172c9a9,2024-05-29 11:47:09,2024-05-29 11:49:13,I-275  Exit 57 / I-275 W / OH-28,I-275 / I-275 W,Northbound,2,0.231,0.287,3.04,39.19377614340648,-84.26250694521343,39.23033337545319,-84.28674688121788,2024-05-29 07:47:09-04:00,2024-05-29 07:49:13-04:00,7,47,7,49,6.08,0,0.0,0.0,0,0,0.0,0.0,6.08,0.0,0.0,0,0.0,0.0,0.0,0,0.0,0.0,0.0,0.0,0.0,0.0,0,0,0
9,5f2636aa-13c3-4ec9-9e1f-cda5007573a9,2024-04-16 12:21:20,2024-04-16 12:26:14,I-275  Exit 57 / I-275 W / OH-28,I-275 / I-275 W,Northbound,5,0.198,0.142,4.83,39.18454803616102,-84.26405223854782,39.2435308544028,-84.30158960814222,2024-04-16 08:21:20-04:00,2024-04-16 08:26:14-04:00,8,21,8,26,24.15,0,0.0,0.0,0,0,0.0,0.0,0.0,24.15,0.0,0,0.0,0.0,0.0,0,0.0,0.0,0.0,0.0,0.0,0.0,0,0,0
9,66e36e45-cc1d-4eaf-bdf4-2e5ee88b854c,2024-05-23 11:47:02,2024-05-23 12:03:06,I-275 W / I-275,I-275 / I-275 W,Northbound,16,0.154,0.428,3.74,39.20909599294912,-84.26371459129363,39.25036209982608,-84.30886114705883,2024-05-23 07:47:02-04:00,2024-05-23 08:03:06-04:00,7,47,8,3,59.84,0,0.0,0.0,0,0,0.0,0.0,48.620000000000005,11.22,0.0,0,0.0,0.0,0.0,0,0.0,0.0,0.0,0.0,0.0,0.0,0,0,0
9,209466d8-c30a-4c80-8488-8dc54b100b05,2024-05-02 12:24:07,2024-05-02 12:26:03,I-275 W / I-275,I-275 / I-275 W,Northbound,2,0.154,0.287,1.98,39.20909599294912,-84.26371459129363,39.23033337545319,-84.28674688121788,2024-05-02 08:24:07-04:00,2024-05-02 08:26:03-04:00,8,24,8,26,3.96,0,0.0,0.0,0,0,0.0,0.0,0.0,3.96,0.0,0,0.0,0.0,0.0,0,0.0,0.0,0.0,0.0,0.0,0.0,0,0,0
9,a56b02e3-ffc6-49ca-9088-9a131c3f2eaf,2024-04-16 12:32:58,2024-04-16 12:34:31,I-275 W / I-275,I-275 / I-275 W,Northbound,2,0.362,0.287,2.9,39.19633001091907,-84.26258,39.23033337545319,-84.28674688121788,2024-04-16 08:32:58-04:00,2024-04-16 08:34:31-04:00,8,32,8,34,5.8,0,0.0,0.0,0,0,0.0,0.0,0.0,5.8,0.0,0,0.0,0.0,0.0,0,0.0,0.0,0.0,0.0,0.0,0.0,0,0,0
9,2fe26ca0-a261-4f77-8a45-9282b9f02922,2024-05-07 11:29:02,2024-05-07 11:32:03,I-275  Exit 57 / I-275 W / OH-28,I-275 / I-275 W,Northbound,3,0.286,0.811,5.74,39.1863901157645,-84.26333995948242,39.25190005612877,-84.31564053065989,2024-05-07 07:29:02-04:00,2024-05-07 07:32:03-04:00,7,29,7,32,17.22,0,0.0,0.0,0,0,0.0,0.0,17.22,0.0,0.0,0,0.0,0.0,0.0,0,0.0,0.0,0.0,0.0,0.0,0.0,0,0,0
9,c3d9e396-f570-46a1-927c-81292438d3be,2024-04-22 11:44:05,2024-04-22 12:08:06,I-275 W / I-275,I-275 / I-275 W,Northbound,24,0.671,0.811,4.74,39.200791379820686,-84.26270644723336,39.25190005612877,-84.31564053065989,2024-04-22 07:44:05-04:00,2024-04-22 08:08:06-04:00,7,44,8,8,113.76,0,0.0,0.0,0,0,0.0,0.0,75.84,37.92,0.0,0,0.0,0.0,0.0,0,0.0,0.0,0.0,0.0,0.0,0.0,0,0,0
9,51c66fc5-ddfb-49d8-9478-788eb219524c,2024-05-22 10:55:02,2024-05-22 10:56:07,I-275  Exit 57 / I-275 W / OH-28,I-275 / I-275 W,Northbound,1,0.0,0.287,3.27,39.19109,-84.26246,39.23033337545319,-84.28674688121788,2024-05-22 06:55:02-04:00,2024-05-22 06:56:07-04:00,6,55,6,56,3.27,0,0.0,0.0,0,0,0.0,3.27,0.0,0.0,0.0,0,0.0,0.0,0.0,0,0.0,0.0,0.0,0.0,0.0,0.0,0,0,0
9,f5fcabca-fed8-4460-92b0-9e88d6765add,2024-04-11 10:50:49,2024-04-11 11:16:49,I-275  Exit 57 / I-275 W / OH-28,I-275 / I-275 W,Northbound,26,0.114,0.735,3.84,39.18933032036001,-84.2625799615568,39.23539005435211,-84.29386005295845,2024-04-11 06:50:49-04:00,2024-04-11 07:16:49-04:00,6,50,7,16,99.84,0,0.0,0.0,0,0,0.0,38.400000000000006,61.440000000000005,0.0,0.0,0,0.0,0.0,0.0,0,0.0,0.0,0.0,0.0,0.0,0.0,0,0,0
9,dd6465fd-8720-4d4a-834a-ac9ce559464c,2024-04-11 11:16:49,2024-04-11 11:41:06,I-275 / I-275 S,I-275 / I-275 W,Northbound,24,0.146,0.428,8.79,39.136947506168106,-84.26473982486418,39.25036209982608,-84.30886114705883,2024-04-11 07:16:49-04:00,2024-04-11 07:41:06-04:00,7,16,7,41,210.95999999999998,0,0.0,0.0,0,0,0.0,0.0,210.95999999999998,0.0,0.0,0,0.0,0.0,0.0,0,0.0,0.0,0.0,0.0,0.0,0.0,0,0,0
9,0ae32788-a198-4f7d-b5a2-b82be212ff2b,2024-05-15 11:29:08,2024-05-15 11:47:05,I-275 W / I-275,I-275 / I-275 W,Northbound,18,0.362,0.084,2.7,39.19633001091907,-84.26258,39.22914015131736,-84.28482023778442,2024-05-15 07:29:08-04:00,2024-05-15 07:47:05-04:00,7,29,7,47,48.6,0,0.0,0.0,0,0,0.0,0.0,48.6,0.0,0.0,0,0.0,0.0,0.0,0,0.0,0.0,0.0,0.0,0.0,0.0,0,0,0
9,90059bef-9db5-47d3-9441-ede0293e032c,2024-04-17 10:36:11,2024-04-17 12:02:05,I-275 S / I-275,I-275 / I-275 W,Northbound,86,1.28,0.585,6.19,39.15264737744055,-84.26638668475036,39.23375087489338,-84.29204742999775,2024-04-17 06:36:11-04:00,2024-04-17 08:02:05-04:00,6,36,8,2,532.34,0,0.0,0.0,0,0,0.0,148.56,371.40000000000003,12.38,0.0,0,0.0,0.0,0.0,0,0.0,0.0,0.0,0.0,0.0,0.0,0,0,0
9,e69c34c2-9abc-40eb-80aa-57d3b3ad4e68,2024-05-14 11:34:09,2024-05-14 11:45:28,"I-275  Exits 59A,59B / Milford Pkwy",I-275 / I-275 W,Northbound,11,0.149,0.287,4.98,39.16685122296624,-84.26758006436664,39.23033337545319,-84.28674688121788,2024-05-14 07:34:09-04:00,2024-05-14 07:45:28-04:00,7,34,7,45,54.78,0,0.0,0.0,0,0,0.0,0.0,54.78,0.0,0.0,0,0.0,0.0,0.0,0,0.0,0.0,0.0,0.0,0.0,0.0,0,0,0
9,42e7f7eb-2b7f-4e99-8c82-2e3368f80d86,2024-04-18 12:01:06,2024-04-18 12:31:17,I-275 W / I-275,I-275 / I-275 W,Northbound,30,0.362,0.436,3.05,39.19633001091907,-84.26258,39.23227059542759,-84.28988094826832,2024-04-18 08:01:06-04:00,2024-04-18 08:31:17-04:00,8,1,8,31,91.5,0,0.0,0.0,0,0,0.0,0.0,0.0,91.5,0.0,0,0.0,0.0,0.0,0,0.0,0.0,0.0,0.0,0.0,0.0,0,0,0
9,c98e92f1-b1f4-41b8-bf5b-06ca296298ad,2024-04-15 12:17:53,2024-04-15 12:21:45,I-275 W / I-275,I-275 / I-275 W,Northbound,4,0.154,0.287,1.98,39.20909599294912,-84.26371459129363,39.23033337545319,-84.28674688121788,2024-04-15 08:17:53-04:00,2024-04-15 08:21:45-04:00,8,17,8,21,7.92,0,0.0,0.0,0,0,0.0,0.0,0.0,7.92,0.0,0,0.0,0.0,0.0,0,0.0,0.0,0.0,0.0,0.0,0.0,0,0,0
9,d8861648-4cc8-42de-accf-8b4ecda413fe,2024-05-21 11:32:11,2024-05-21 11:57:14,I-275 / I-275 S,I-275 / I-275 W,Northbound,25,1.137,0.811,6.13,39.178932515639445,-84.26621076903096,39.25190005612877,-84.31564053065989,2024-05-21 07:32:11-04:00,2024-05-21 07:57:14-04:00,7,32,7,57,153.25,0,0.0,0.0,0,0,0.0,0.0,153.25,0.0,0.0,0,0.0,0.0,0.0,0,0.0,0.0,0.0,0.0,0.0,0.0,0,0,0
9,27b8ab93-3961-402a-8953-ae8ff9523c62,2024-05-14 12:39:09,2024-05-14 12:41:03,I-275 / I-275 S,I-275 / I-275 W,Northbound,2,0.965,0.084,3.96,39.17743280982176,-84.26679033327545,39.22914015131736,-84.28482023778442,2024-05-14 08:39:09-04:00,2024-05-14 08:41:03-04:00,8,39,8,41,7.92,0,0.0,0.0,0,0,0.0,0.0,0.0,7.92,0.0,0,0.0,0.0,0.0,0,0.0,0.0,0.0,0.0,0.0,0.0,0,0,0
9,5f3a003d-a4a6-4af8-ba15-433823a087a9,2024-05-22 11:01:16,2024-05-22 11:58:06,"I-275  Exits 59A,59B / Milford Pkwy",I-275 / I-275 W,Northbound,57,0.181,0.428,7.07,39.1620717901053,-84.26726010335656,39.25036209982608,-84.30886114705883,2024-05-22 07:01:16-04:00,2024-05-22 07:58:06-04:00,7,1,7,58,402.99,0,0.0,0.0,0,0,0.0,0.0,402.99,0.0,0.0,0,0.0,0.0,0.0,0,0.0,0.0,0.0,0.0,0.0,0.0,0,0,0
9,b6bb7750-5d14-4a40-8ead-4e09ae1ec933,2024-04-16 11:09:09,2024-04-16 11:32:13,I-275 / I-275 S,I-275 / I-275 W,Northbound,23,0.965,0.287,4.16,39.17743280982176,-84.26679033327545,39.23033337545319,-84.28674688121788,2024-04-16 07:09:09-04:00,2024-04-16 07:32:13-04:00,7,9,7,32,95.68,0,0.0,0.0,0,0,0.0,0.0,95.68,0.0,0.0,0,0.0,0.0,0.0,0,0.0,0.0,0.0,0.0,0.0,0.0,0,0,0
9,116c96b0-933a-4b2e-9768-a08c5c6a4997,2024-05-21 11:57:14,2024-05-21 12:53:08,I-275  Exit 57 / I-275 W / OH-28,I-275 / I-275 W,Northbound,56,0.198,0.428,5.44,39.18454803616102,-84.26405223854782,39.25036209982608,-84.30886114705883,2024-05-21 07:57:14-04:00,2024-05-21 08:53:08-04:00,7,57,8,53,304.64000000000004,0,0.0,0.0,0,0,0.0,0.0,16.32,288.32000000000005,0.0,0,0.0,0.0,0.0,0,0.0,0.0,0.0,0.0,0.0,0.0,0,0,0
9,def508d2-325a-4e77-ae3d-09ba2c435d2b,2024-04-30 13:31:10,2024-04-30 13:40:13,I-275  Exit 54 / Wards Corner Rd,I-275 / I-275 W,Northbound,9,0.128,0.261,2.29,39.22461335110808,-84.27755921653045,39.24849239705976,-84.30632285404336,2024-04-30 09:31:10-04:00,2024-04-30 09:40:13-04:00,9,31,9,40,20.61,0,0.0,0.0,0,0,0.0,0.0,0.0,0.0,20.61,0,0.0,0.0,0.0,0,0.0,0.0,0.0,0.0,0.0,0.0,0,0,0
9,929b3297-19f2-41ca-a667-2faaa2768227,2024-05-30 12:11:07,2024-05-30 12:17:27,I-275 W / I-275,I-275 / I-275 W,Northbound,6,0.617,0.261,3.11,39.21525547084138,-84.26793462598657,39.24849239705976,-84.30632285404336,2024-05-30 08:11:07-04:00,2024-05-30 08:17:27-04:00,8,11,8,17,18.66,0,0.0,0.0,0,0,0.0,0.0,0.0,18.66,0.0,0,0.0,0.0,0.0,0,0.0,0.0,0.0,0.0,0.0,0.0,0,0,0
9,3e2a8ce1-9463-4eff-8d59-f1f6bb994740,2024-04-10 11:11:58,2024-04-10 11:48:52,I-275 W / I-275,I-275 / I-275 W,Northbound,37,0.671,0.261,4.19,39.200791379820686,-84.26270644723336,39.24849239705976,-84.30632285404336,2024-04-10 07:11:58-04:00,2024-04-10 07:48:52-04:00,7,11,7,48,155.03,0,0.0,0.0,0,0,0.0,0.0,155.03,0.0,0.0,0,0.0,0.0,0.0,0,0.0,0.0,0.0,0.0,0.0,0.0,0,0,0
9,d5191648-a594-4a3e-ac37-ee97afcb6e9d,2024-05-21 12:55:12,2024-05-21 13:13:10,I-275 W / I-275,I-275 / I-275 W,Northbound,18,0.0,0.811,4.28,39.2074656059532,-84.2631891254215,39.25190005612877,-84.31564053065989,2024-05-21 08:55:12-04:00,2024-05-21 09:13:10-04:00,8,55,9,13,77.04,0,0.0,0.0,0,0,0.0,0.0,0.0,21.400000000000002,55.64,0,0.0,0.0,0.0,0,0.0,0.0,0.0,0.0,0.0,0.0,0,0,0
10,943d00be-3214-4bde-8d88-b09637ce89d5,2024-04-23 21:17:12,2024-04-23 21:26:08,I-275  Exit 47 / Reed Hartman Hwy,"I-275  Exits 43A,43B / I-75 S  Exits 16A,16B / I-75 N  Exit 16",Northbound,9,0.537,0.49,3.54,39.287947644229696,-84.37399276785514,39.28942001263184,-84.43783005052737,2024-04-23 17:17:12-04:00,2024-04-23 17:26:08-04:00,17,17,17,26,31.86,0,0.0,0.0,0,0,0.0,0.0,0.0,0.0,0.0,0,0.0,0.0,0.0,0,0.0,0.0,31.86,0.0,0.0,0.0,0,0,0
10,594558e7-c306-4177-8024-363aa94ab098,2024-04-10 21:28:55,2024-04-10 21:50:51,I-275  Exit 47 / Reed Hartman Hwy,"I-275  Exits 43A,43B / I-75 S  Exits 16A,16B / I-75 N  Exit 16",Northbound,22,0.38,0.49,3.06,39.29067289525725,-84.3822537411095,39.28942001263184,-84.43783005052737,2024-04-10 17:28:55-04:00,2024-04-10 17:50:51-04:00,17,28,17,50,67.32000000000001,0,0.0,0.0,0,0,0.0,0.0,0.0,0.0,0.0,0,0.0,0.0,0.0,0,0.0,0.0,67.32000000000001,0.0,0.0,0.0,0,0,0
10,eed8188f-f47c-4920-9670-03d941660e87,2024-04-17 21:03:08,2024-04-17 21:10:15,I-275  Exit 47 / Reed Hartman Hwy,"I-275  Exits 43A,43B / I-75 S  Exits 16A,16B / I-75 N  Exit 16",Northbound,7,0.38,0.356,2.93,39.29067289525725,-84.3822537411095,39.28880019452389,-84.43546068778087,2024-04-17 17:03:08-04:00,2024-04-17 17:10:15-04:00,17,3,17,10,20.51,0,0.0,0.0,0,0,0.0,0.0,0.0,0.0,0.0,0,0.0,0.0,0.0,0,0.0,0.0,20.51,0.0,0.0,0.0,0,0,0
10,c611a99c-cf00-4457-b96f-0dee3636851e,2024-05-15 20:16:14,2024-05-15 20:35:06,I-275  Exit 47 / Reed Hartman Hwy,"I-275  Exits 43A,43B / I-75 S  Exits 16A,16B / I-75 N  Exit 16",Northbound,19,0.0,0.49,3.44,39.28896,-84.37595,39.28942001263184,-84.43783005052737,2024-05-15 16:16:14-04:00,2024-05-15 16:35:06-04:00,16,16,16,35,65.36,0,0.0,0.0,0,0,0.0,0.0,0.0,0.0,0.0,0,0.0,0.0,0.0,0,0.0,65.36,0.0,0.0,0.0,0.0,0,0,0
10,dfd92a7f-80dd-43bd-b5d5-79983ab0c025,2024-04-12 21:18:53,2024-04-12 21:23:02,I-275  Exit 47 / Reed Hartman Hwy,"I-275  Exits 43A,43B / I-75 S  Exits 16A,16B / I-75 N  Exit 16",Northbound,4,0.632,0.0,2.85,39.290858575081856,-84.38678659847207,39.2896,-84.43851,2024-04-12 17:18:53-04:00,2024-04-12 17:23:02-04:00,17,18,17,23,11.4,0,0.0,0.0,0,0,0.0,0.0,0.0,0.0,0.0,0,0.0,0.0,0.0,0,0.0,0.0,11.4,0.0,0.0,0.0,0,0,0
10,7a4ccc99-8dfd-4cc9-accb-6349f9e19903,2024-04-25 20:33:15,2024-04-25 21:01:10,I-275  Exit 47 / Reed Hartman Hwy,"I-275  Exits 43A,43B / I-75 S  Exits 16A,16B / I-75 N  Exit 16",Northbound,28,0.079,0.49,3.36,39.28941965607714,-84.37704110580057,39.28942001263184,-84.43783005052737,2024-04-25 16:33:15-04:00,2024-04-25 17:01:10-04:00,16,33,17,1,94.08,0,0.0,0.0,0,0,0.0,0.0,0.0,0.0,0.0,0,0.0,0.0,0.0,0,0.0,90.72,3.36,0.0,0.0,0.0,0,0,0
10,e271b9ab-6ca2-4b5f-84ef-5706b955bc60,2024-05-01 21:22:10,2024-05-01 21:40:05,I-275  Exit 46 / US-42 Lebanon Rd,"I-275  Exits 43A,43B / I-75 S  Exits 16A,16B / I-75 N  Exit 16",Northbound,18,0.469,0.0,2.22,39.28844693886225,-84.39865300910286,39.2896,-84.43851,2024-05-01 17:22:10-04:00,2024-05-01 17:40:05-04:00,17,22,17,40,39.96,0,0.0,0.0,0,0,0.0,0.0,0.0,0.0,0.0,0,0.0,0.0,0.0,0,0.0,0.0,39.96,0.0,0.0,0.0,0,0,0
11,6760cc0b-34f5-49c7-a0a8-a5769d490a2d,2024-05-02 11:37:07,2024-05-02 12:19:12,I-275 W / I-275,"I-275  Exit 49 / I-71 S  Exits 17A,17B / I-275 W  Exits 49A,49B",Northbound,42,0.154,0.106,5.37,39.20909599294912,-84.26371459129363,39.259729188111706,-84.33569387535854,2024-05-02 07:37:07-04:00,2024-05-02 08:19:12-04:00,7,37,8,19,225.54,0,0.0,0.0,0,0,0.0,0.0,123.51,102.03,0.0,0,0.0,0.0,0.0,0,0.0,0.0,0.0,0.0,0.0,0.0,0,0,0
11,4c1d0e6e-1c86-4e1d-afee-3a6999e95558,2024-05-08 11:58:10,2024-05-08 12:32:00,I-275 W / I-275,"I-275  Exit 49 / I-71 S  Exits 17A,17B / I-275 W  Exits 49A,49B",Northbound,34,0.979,0.106,5.68,39.204468838984575,-84.26281234802116,39.259729188111706,-84.33569387535854,2024-05-08 07:58:10-04:00,2024-05-08 08:32:00-04:00,7,58,8,32,193.12,0,0.0,0.0,0,0,0.0,0.0,11.36,181.76,0.0,0,0.0,0.0,0.0,0,0.0,0.0,0.0,0.0,0.0,0.0,0,0,0
11,c57d2431-e747-4b1f-999d-6296a9d1089a,2024-04-11 21:20:46,2024-04-11 21:22:50,I-275 / I-275 W,"I-275  Exit 49 / I-71 S  Exits 17A,17B / I-275 W  Exits 49A,49B",Northbound,2,0.417,0.239,1.32,39.25396925630999,-84.32769480948342,39.26678195865044,-84.34520371210907,2024-04-11 17:20:46-04:00,2024-04-11 17:22:50-04:00,17,20,17,22,2.64,0,0.0,0.0,0,0,0.0,0.0,0.0,0.0,0.0,0,0.0,0.0,0.0,0,0.0,0.0,2.64,0.0,0.0,0.0,0,0,0
11,b8749a3f-f13c-4e25-9c91-536279a12b1a,2024-04-11 11:34:51,2024-04-11 12:29:43,I-275 S / I-275,"I-275  Exit 49 / I-71 S  Exits 17A,17B / I-275 W  Exits 49A,49B",Northbound,55,1.075,0.239,10.26,39.15067022493761,-84.26613002967927,39.26678195865044,-84.34520371210907,2024-04-11 07:34:51-04:00,2024-04-11 08:29:43-04:00,7,34,8,29,564.3,0,0.0,0.0,0,0,0.0,0.0,266.76,297.53999999999996,0.0,0,0.0,0.0,0.0,0,0.0,0.0,0.0,0.0,0.0,0.0,0,0,0
12,549ac194-5b9b-44e9-8b81-772795656abf,2024-04-24 12:20:18,2024-04-24 12:22:08,I-275 / I-275 W,I-275  Exit 50 / US-22 Montgomery Rd,Northbound,2,0.925,0.95,3.49,39.21909090544423,-84.27115081489981,39.25193978831089,-84.31601617179102,2024-04-24 08:20:18-04:00,2024-04-24 08:22:08-04:00,8,20,8,22,6.98,0,0.0,0.0,0,0,0.0,0.0,0.0,6.98,0.0,0,0.0,0.0,0.0,0,0.0,0.0,0.0,0.0,0.0,0.0,0,0,0
12,2e7d1b62-10cf-41d2-8a3e-a37b3e570f9b,2024-05-06 11:46:01,2024-05-06 12:17:17,I-275 W / I-275,I-275  Exit 50 / US-22 Montgomery Rd,Northbound,31,0.771,0.278,4.06,39.21666412052099,-84.26912464936484,39.253163287665366,-84.32565997624766,2024-05-06 07:46:01-04:00,2024-05-06 08:17:17-04:00,7,46,8,17,125.85999999999999,0,0.0,0.0,0,0,0.0,0.0,56.83999999999999,69.01999999999998,0.0,0,0.0,0.0,0.0,0,0.0,0.0,0.0,0.0,0.0,0.0,0,0,0
12,20672148-1c16-4eb6-9d09-79e66ef54fa1,2024-04-10 11:03:53,2024-04-10 11:07:49,I-275 W / I-275,I-275  Exit 50 / US-22 Montgomery Rd,Northbound,4,0.771,0.278,4.06,39.21666412052099,-84.26912464936484,39.253163287665366,-84.32565997624766,2024-04-10 07:03:53-04:00,2024-04-10 07:07:49-04:00,7,3,7,7,16.24,0,0.0,0.0,0,0,0.0,0.0,16.24,0.0,0.0,0,0.0,0.0,0.0,0,0.0,0.0,0.0,0.0,0.0,0.0,0,0,0
12,6cd436a4-9381-445e-b9b8-c6ddfb61adb6,2024-05-22 12:52:13,2024-05-22 13:14:13,I-275 / I-275 S,I-275  Exit 50 / US-22 Montgomery Rd,Northbound,22,0.792,0.0,6.76,39.17611001615997,-84.26727999538286,39.25225236777236,-84.3189638880201,2024-05-22 08:52:13-04:00,2024-05-22 09:14:13-04:00,8,52,9,14,148.72,0,0.0,0.0,0,0,0.0,0.0,0.0,54.08,94.64,0,0.0,0.0,0.0,0,0.0,0.0,0.0,0.0,0.0,0.0,0,0,0
12,597e40c1-c057-4bbc-807a-5bfd62515e17,2024-04-23 11:31:13,2024-04-23 12:14:05,I-275  Exit 57 / I-275 W / OH-28,I-275  Exit 50 / US-22 Montgomery Rd,Northbound,43,0.231,0.847,6.3,39.19377614340648,-84.26250694521343,39.25804275702279,-84.33342051509872,2024-04-23 07:31:13-04:00,2024-04-23 08:14:05-04:00,7,31,8,14,270.9,0,0.0,0.0,0,0,0.0,0.0,182.7,88.2,0.0,0,0.0,0.0,0.0,0,0.0,0.0,0.0,0.0,0.0,0.0,0,0,0
12,925c5f85-4040-4026-83dc-5bc41c7113d0,2024-04-16 11:27:04,2024-04-16 12:09:00,I-275 / I-275 S,I-275  Exit 50 / US-22 Montgomery Rd,Northbound,42,1.182,0.417,6.78,39.18091406992823,-84.26544083050354,39.25396925630999,-84.32769480948342,2024-04-16 07:27:04-04:00,2024-04-16 08:09:00-04:00,7,27,8,9,284.76,0,0.0,0.0,0,0,0.0,0.0,223.73999999999998,61.019999999999996,0.0,0,0.0,0.0,0.0,0,0.0,0.0,0.0,0.0,0.0,0.0,0,0,0
12,1de7c984-75fd-4c46-9cd0-503732e93dc0,2024-05-20 11:36:08,2024-05-20 12:24:06,I-275  Exit 57 / I-275 W / OH-28,I-275  Exit 50 / US-22 Montgomery Rd,Northbound,48,0.1,0.0,5.59,39.19235043730385,-84.26247144939542,39.25225236777236,-84.3189638880201,2024-05-20 07:36:08-04:00,2024-05-20 08:24:06-04:00,7,36,8,24,268.32,0,0.0,0.0,0,0,0.0,0.0,134.16,134.16,0.0,0,0.0,0.0,0.0,0,0.0,0.0,0.0,0.0,0.0,0.0,0,0,0
12,a850d9a6-74be-4b17-b653-2ad546887c27,2024-05-13 11:27:23,2024-05-13 12:38:02,I-275 W / I-275,I-275  Exit 50 / US-22 Montgomery Rd,Northbound,71,0.517,0.95,5.03,39.1985609165042,-84.26264280007065,39.25193978831089,-84.31601617179102,2024-05-13 07:27:23-04:00,2024-05-13 08:38:02-04:00,7,27,8,38,357.13,0,0.0,0.0,0,0,0.0,0.0,165.98999999999998,191.14,0.0,0,0.0,0.0,0.0,0,0.0,0.0,0.0,0.0,0.0,0.0,0,0,0
12,46487845-ffe6-4b30-ba84-31133e898060,2024-04-15 11:31:52,2024-04-15 11:59:51,I-275  Exit 57 / I-275 W / OH-28,I-275  Exit 50 / US-22 Montgomery Rd,Northbound,28,0.0,0.139,5.83,39.19109,-84.26246,39.25274062455193,-84.32336029628117,2024-04-15 07:31:52-04:00,2024-04-15 07:59:51-04:00,7,31,7,59,163.24,0,0.0,0.0,0,0,0.0,0.0,163.24,0.0,0.0,0,0.0,0.0,0.0,0,0.0,0.0,0.0,0.0,0.0,0.0,0,0,0
12,6a8e802d-4c2a-4dea-aee8-91484d9351f0,2024-05-01 11:35:07,2024-05-01 12:27:12,I-275  Exit 57 / I-275 W / OH-28,I-275  Exit 50 / US-22 Montgomery Rd,Northbound,52,0.043,0.95,5.74,39.18816820572917,-84.26280222597065,39.25193978831089,-84.31601617179102,2024-05-01 07:35:07-04:00,2024-05-01 08:27:12-04:00,7,35,8,27,298.48,0,0.0,0.0,0,0,0.0,0.0,143.5,154.98000000000002,0.0,0,0.0,0.0,0.0,0,0.0,0.0,0.0,0.0,0.0,0.0,0,0,0
12,dc0f2a92-171d-47bd-9809-4c77ba258933,2024-05-14 11:42:01,2024-05-14 12:11:10,I-275  Exit 57 / I-275 W / OH-28,I-275  Exit 50 / US-22 Montgomery Rd,Northbound,29,1.247,0.278,6.58,39.18242,-84.26487,39.253163287665366,-84.32565997624766,2024-05-14 07:42:01-04:00,2024-05-14 08:11:10-04:00,7,42,8,11,190.82,0,0.0,0.0,0,0,0.0,0.0,118.44,72.38,0.0,0,0.0,0.0,0.0,0,0.0,0.0,0.0,0.0,0.0,0.0,0,0,0
12,9f7adc55-85c6-4d13-a876-c9c12f35316d,2024-04-09 12:34:54,2024-04-09 12:42:54,I-275 / I-275 W,I-275  Exit 50 / US-22 Montgomery Rd,Northbound,8,0.287,0.417,2.84,39.23033337545319,-84.28674688121788,39.25396925630999,-84.32769480948342,2024-04-09 08:34:54-04:00,2024-04-09 08:42:54-04:00,8,34,8,42,22.72,0,0.0,0.0,0,0,0.0,0.0,0.0,22.72,0.0,0,0.0,0.0,0.0,0,0.0,0.0,0.0,0.0,0.0,0.0,0,0,0
12,2d515a06-9faf-4969-b847-89b252551261,2024-05-08 11:32:11,2024-05-08 12:07:07,I-275  Exit 57 / I-275 W / OH-28,I-275  Exit 50 / US-22 Montgomery Rd,Northbound,35,1.247,0.95,6.16,39.18242,-84.26487,39.25193978831089,-84.31601617179102,2024-05-08 07:32:11-04:00,2024-05-08 08:07:07-04:00,7,32,8,7,215.6,0,0.0,0.0,0,0,0.0,0.0,172.48000000000002,43.120000000000005,0.0,0,0.0,0.0,0.0,0,0.0,0.0,0.0,0.0,0.0,0.0,0,0,0
12,0f621e69-627e-460d-91cf-50072369f1a8,2024-05-16 11:24:05,2024-05-16 12:13:09,I-275  Exit 57 / I-275 W / OH-28,I-275  Exit 50 / US-22 Montgomery Rd,Northbound,49,0.231,0.95,5.32,39.19377614340648,-84.26250694521343,39.25193978831089,-84.31601617179102,2024-05-16 07:24:05-04:00,2024-05-16 08:13:09-04:00,7,24,8,13,260.68,0,0.0,0.0,0,0,0.0,0.0,191.52,69.16000000000001,0.0,0,0.0,0.0,0.0,0,0.0,0.0,0.0,0.0,0.0,0.0,0,0,0
12,1d33fa1f-ab75-4b64-83b9-95785b61e5c8,2024-05-14 12:39:09,2024-05-14 13:14:14,I-275 S / I-275,I-275  Exit 50 / US-22 Montgomery Rd,Northbound,35,0.423,0.95,6.99,39.17081530236243,-84.26780009989821,39.25193978831089,-84.31601617179102,2024-05-14 08:39:09-04:00,2024-05-14 09:14:14-04:00,8,39,9,14,244.65,0,0.0,0.0,0,0,0.0,0.0,0.0,146.79,97.86000000000001,0,0.0,0.0,0.0,0,0.0,0.0,0.0,0.0,0.0,0.0,0,0,0
12,3dbe7062-09db-4ecb-930f-85f57a65f1d3,2024-05-21 12:05:14,2024-05-21 12:31:08,I-275  Exit 57 / I-275 W / OH-28,I-275  Exit 50 / US-22 Montgomery Rd,Northbound,26,0.198,0.95,5.97,39.18454803616102,-84.26405223854782,39.25193978831089,-84.31601617179102,2024-05-21 08:05:14-04:00,2024-05-21 08:31:08-04:00,8,5,8,31,155.22,0,0.0,0.0,0,0,0.0,0.0,0.0,155.22,0.0,0,0.0,0.0,0.0,0,0.0,0.0,0.0,0.0,0.0,0.0,0,0,0
12,4c6b552c-1368-4593-bb68-d22b7ed69272,2024-04-11 12:34:49,2024-04-11 13:34:53,I-275 / I-275 S,I-275  Exit 50 / US-22 Montgomery Rd,Northbound,60,0.472,0.417,9.54,39.1419891294618,-84.26501282046142,39.25396925630999,-84.32769480948342,2024-04-11 08:34:49-04:00,2024-04-11 09:34:53-04:00,8,34,9,34,572.4,0,0.0,0.0,0,0,0.0,0.0,0.0,248.04,324.35999999999996,0,0.0,0.0,0.0,0,0.0,0.0,0.0,0.0,0.0,0.0,0,0,0
12,a0c7b09d-1e31-4ef7-838c-9a7c97b87fd8,2024-05-29 11:46:10,2024-05-29 11:56:06,I-275  Exit 57 / I-275 W / OH-28,I-275  Exit 50 / US-22 Montgomery Rd,Northbound,10,0.231,0.95,5.32,39.19377614340648,-84.26250694521343,39.25193978831089,-84.31601617179102,2024-05-29 07:46:10-04:00,2024-05-29 07:56:06-04:00,7,46,7,56,53.2,0,0.0,0.0,0,0,0.0,0.0,53.2,0.0,0.0,0,0.0,0.0,0.0,0,0.0,0.0,0.0,0.0,0.0,0.0,0,0,0
12,e5d65b1a-6c52-47f3-860a-75f4b413de2d,2024-05-15 11:52:03,2024-05-15 12:04:07,I-275  Exit 54 / Wards Corner Rd,I-275  Exit 50 / US-22 Montgomery Rd,Northbound,12,0.084,0.0,2.62,39.22914015131736,-84.28482023778442,39.25225236777236,-84.3189638880201,2024-05-15 07:52:03-04:00,2024-05-15 08:04:07-04:00,7,52,8,4,31.44,0,0.0,0.0,0,0,0.0,0.0,20.96,10.48,0.0,0,0.0,0.0,0.0,0,0.0,0.0,0.0,0.0,0.0,0.0,0,0,0
12,21d12364-9c7c-499c-8ce0-36281a1493aa,2024-05-17 11:52:19,2024-05-17 11:58:08,I-275 W / I-275,I-275  Exit 50 / US-22 Montgomery Rd,Northbound,6,0.771,0.139,3.92,39.21666412052099,-84.26912464936484,39.25274062455193,-84.32336029628117,2024-05-17 07:52:19-04:00,2024-05-17 07:58:08-04:00,7,52,7,58,23.52,0,0.0,0.0,0,0,0.0,0.0,23.52,0.0,0.0,0,0.0,0.0,0.0,0,0.0,0.0,0.0,0.0,0.0,0.0,0,0,0
12,b8ca6113-da35-4729-b301-97afe0cb7699,2024-04-30 10:53:21,2024-04-30 11:50:14,I-275 S / I-275,I-275  Exit 50 / US-22 Montgomery Rd,Northbound,57,0.136,0.95,7.96,39.15671016680072,-84.26689002421301,39.25193978831089,-84.31601617179102,2024-04-30 06:53:21-04:00,2024-04-30 07:50:14-04:00,6,53,7,50,453.71999999999997,0,0.0,0.0,0,0,0.0,55.71999999999999,397.99999999999994,0.0,0.0,0,0.0,0.0,0.0,0,0.0,0.0,0.0,0.0,0.0,0.0,0,0,0
12,999e79bf-55d7-4690-b21b-b7b16b9d2bf4,2024-04-17 12:57:15,2024-04-17 13:04:15,I-275  Exit 57 / I-275 W / OH-28,I-275  Exit 50 / US-22 Montgomery Rd,Northbound,7,0.043,0.764,6.64,39.18816820572917,-84.26280222597065,39.25764011364465,-84.33288015252309,2024-04-17 08:57:15-04:00,2024-04-17 09:04:15-04:00,8,57,9,4,46.48,0,0.0,0.0,0,0,0.0,0.0,0.0,19.919999999999998,26.559999999999995,0,0.0,0.0,0.0,0,0.0,0.0,0.0,0.0,0.0,0.0,0,0,0
12,8c90415e-2064-4a3a-81ee-ec524294eafc,2024-05-17 11:39:03,2024-05-17 11:45:10,I-275 / I-275 W,I-275  Exit 50 / US-22 Montgomery Rd,Northbound,6,1.079,0.95,3.34,39.221014424837385,-84.27288981350684,39.25193978831089,-84.31601617179102,2024-05-17 07:39:03-04:00,2024-05-17 07:45:10-04:00,7,39,7,45,20.04,0,0.0,0.0,0,0,0.0,0.0,20.04,0.0,0.0,0,0.0,0.0,0.0,0,0.0,0.0,0.0,0.0,0.0,0.0,0,0,0
12,1aaf0501-58e8-45cd-a6b8-6e4b925b5fb2,2024-05-06 11:32:25,2024-05-06 11:48:27,I-275  Exit 57 / I-275 W / OH-28,I-275  Exit 50 / US-22 Montgomery Rd,Northbound,16,0.043,0.0,5.88,39.18816820572917,-84.26280222597065,39.25225236777236,-84.3189638880201,2024-05-06 07:32:25-04:00,2024-05-06 07:48:27-04:00,7,32,7,48,94.08,0,0.0,0.0,0,0,0.0,0.0,94.08,0.0,0.0,0,0.0,0.0,0.0,0,0.0,0.0,0.0,0.0,0.0,0.0,0,0,0
12,baa31b68-a23e-421a-8606-43b1a7982216,2024-04-24 11:29:08,2024-04-24 12:13:03,I-275  Exit 57 / I-275 W / OH-28,I-275  Exit 50 / US-22 Montgomery Rd,Northbound,44,0.0,0.95,5.55,39.19109,-84.26246,39.25193978831089,-84.31601617179102,2024-04-24 07:29:08-04:00,2024-04-24 08:13:03-04:00,7,29,8,13,244.2,0,0.0,0.0,0,0,0.0,0.0,172.05,72.15,0.0,0,0.0,0.0,0.0,0,0.0,0.0,0.0,0.0,0.0,0.0,0,0,0
12,8c371321-01a1-4d11-9d01-4c0c50abeb92,2024-04-29 11:43:05,2024-04-29 11:57:13,I-275 W / I-275,I-275  Exit 50 / US-22 Montgomery Rd,Northbound,14,0.462,0.95,3.95,39.21269114713353,-84.2657887603597,39.25193978831089,-84.31601617179102,2024-04-29 07:43:05-04:00,2024-04-29 07:57:13-04:00,7,43,7,57,55.300000000000004,0,0.0,0.0,0,0,0.0,0.0,55.300000000000004,0.0,0.0,0,0.0,0.0,0.0,0,0.0,0.0,0.0,0.0,0.0,0.0,0,0,0
12,f0634a2a-a376-4d38-8085-4e7ce1466e54,2024-05-30 11:19:12,2024-05-30 12:08:07,I-275 S / I-275,I-275  Exit 50 / US-22 Montgomery Rd,Northbound,49,0.597,0.95,6.81,39.17333125373716,-84.26782737942385,39.25193978831089,-84.31601617179102,2024-05-30 07:19:12-04:00,2024-05-30 08:08:07-04:00,7,19,8,8,333.69,0,0.0,0.0,0,0,0.0,0.0,279.21000000000004,54.48,0.0,0,0.0,0.0,0.0,0,0.0,0.0,0.0,0.0,0.0,0.0,0,0,0
12,383427ea-0282-4e5d-8a62-6283b716b7b9,2024-04-10 11:41:48,2024-04-10 12:34:52,I-275  Exit 57 / I-275 W / OH-28,I-275  Exit 50 / US-22 Montgomery Rd,Northbound,53,1.247,0.417,6.72,39.18242,-84.26487,39.25396925630999,-84.32769480948342,2024-04-10 07:41:48-04:00,2024-04-10 08:34:52-04:00,7,41,8,34,356.15999999999997,0,0.0,0.0,0,0,0.0,0.0,127.67999999999998,228.47999999999996,0.0,0,0.0,0.0,0.0,0,0.0,0.0,0.0,0.0,0.0,0.0,0,0,0
